HITID,Response_One,Response_Two,Worker1,Answer1,Worker2,Answer2,Agreement,Answer,Correction,Date
37M4O367VJTA0I05MTBHVVN9UMNM5F,xxf,Nov-83,A2BOXK0KVXGKPU,Dissimilar,ATHS9GUME1XCA,Dissimilar,Yes,Dissimilar,Dissimilar,2018-02-19 21:37:01 UTC
3OID399FXGIZYLNHFCPNYHRSA29FD9,xxf,14-Sep-90,A2MCG5W6LHSRG9,Dissimilar,A22T69YW4WUANF,Similar,No,no_agreement,Dissimilar,2018-02-19 21:38:40 UTC
3X2YVV51PUF7HCT0P8FS13CJG8W1W3,xxf,1/2/92,A2BOXK0KVXGKPU,Dissimilar,A22T69YW4WUANF,Similar,No,no_agreement,Dissimilar,2018-02-19 21:39:36 UTC
3VMV5CHJZ8QCTAF9CMVKL69QE3XGTS,xcds,1987,A1W4Q0E00VP6VD,Dissimilar,A22T69YW4WUANF,Similar,No,no_agreement,Dissimilar,2018-02-19 21:30:18 UTC
389A2A304OTYWP2DCYBRB4M6J08C02,ok,14091990,A21DPR9K4T7R3D,Dissimilar,A2S96ZZ70YFPSK,Dissimilar,Yes,Dissimilar,Dissimilar,2018-02-19 21:37:37 UTC
36U4VBVNQOOIID3CS2F6P69ZZQFURT,november 11 1991,1985,A1W4Q0E00VP6VD,Dissimilar,A22T69YW4WUANF,Similar,No,no_agreement,Dissimilar,2018-02-19 21:43:04 UTC
35F6NGNVM8UT0H48JJRQFTWXF0E7TG,nov 11 1980,5231919,A1LZWU72K42V92,Dissimilar,A1IOMFFEKCWOIT,Similar,No,no_agreement,Dissimilar,2018-02-19 21:36:32 UTC
3538U0YQ1F51GTLKMNJBL85GJPKF3B,my feet smells very bad,01.01.1981,A62H1UZADLF7Q,Dissimilar,AMWIBULQ4S8K3,Dissimilar,Yes,Dissimilar,Dissimilar,2018-02-19 21:36:07 UTC
3RZS0FBRWKL1K66XTJQHQ5NER8KPCM,my feet smells very bad,25.05.1995,A1W4Q0E00VP6VD,Dissimilar,A62H1UZADLF7Q,Dissimilar,Yes,Dissimilar,Dissimilar,2018-02-19 21:40:43 UTC
3KWGG5KP6JDVZ39K13YP91TJM39CMD,my feet smells very bad,16/05/1987,A1L5H5KX16J1LS,Dissimilar,A1LZWU72K42V92,Dissimilar,Yes,Dissimilar,Dissimilar,2018-02-19 21:39:29 UTC
3ZVPAMTJWNEZDV2H8XQPLR88QI0GRF,march 5 1969,1985,ATHS9GUME1XCA,Dissimilar,A22T69YW4WUANF,Similar,No,no_agreement,Dissimilar,2018-02-19 21:37:56 UTC
3D7VY91L658CPYHEN32UYHN14I9MBG,june 12 1988,5/23/92,ATHS9GUME1XCA,Dissimilar,AYUREWGFQG5JV,Dissimilar,Yes,Dissimilar,Dissimilar,2018-02-19 21:35:10 UTC
311HQEI8RSRPMTD7PBG81HXE0W07ZW,july 3rd 1993,1990,A21DPR9K4T7R3D,Dissimilar,A2HG1N3BVQO6I,Dissimilar,Yes,Dissimilar,Dissimilar,2018-02-19 21:35:36 UTC
32ZCLEW0BZVOSKC33B73D909HSTPJ0,july 3rd 1993,6th may,A3628JW6KICN08,Dissimilar,A22T69YW4WUANF,Similar,No,no_agreement,Dissimilar,2018-02-19 21:38:11 UTC
3FJ2RVH25ZH3U1YOF15ES2EDADP29V,january 1 1977,3051969,A1W4Q0E00VP6VD,Dissimilar,A24LUXW1DB1QI5,Dissimilar,Yes,Dissimilar,Dissimilar,2018-02-19 21:42:47 UTC
30QQTY5GMKV80UJXJOH0KPIZYEL7U7,january 1 1977,cvvfd,A2MCG5W6LHSRG9,Dissimilar,A3628JW6KICN08,Similar,No,no_agreement,Dissimilar,2018-02-19 21:32:38 UTC
3NC6WP7WJHV0ID93MW4DUT2DCL4WWW,january 1 1977,1990,A1W4Q0E00VP6VD,Dissimilar,A22T69YW4WUANF,Similar,No,no_agreement,Dissimilar,2018-02-19 21:38:26 UTC
3ZXNP4Z39RW5H4W3AAPZT2MGLNS7LD,january 1 1977,1990,A1W4Q0E00VP6VD,Dissimilar,A22T69YW4WUANF,Similar,No,no_agreement,Dissimilar,2018-02-19 21:36:57 UTC
3EN4YVUOUC3T1TEUP2HK7MMCJR2JXI,jan 20 1993,march 31st,ATHS9GUME1XCA,Dissimilar,A3628JW6KICN08,Similar,No,no_agreement,Dissimilar,2018-02-19 21:34:18 UTC
3GONHBMNHV987WKUTHIXKZU4VLVMZM,fiftten five nineti five,1990,A3HAPMZV7CYDY8,Dissimilar,AYUREWGFQG5JV,Dissimilar,Yes,Dissimilar,Dissimilar,2018-02-19 21:33:17 UTC
3BVS8WK9Q06QTFRN2O426OGKN9PBIP,fiftten five nineti five,4/10/93,A1L5H5KX16J1LS,Dissimilar,A1W4Q0E00VP6VD,Dissimilar,Yes,Dissimilar,Dissimilar,2018-02-19 21:34:54 UTC
3N5YJ55YXGEDO6XMTQHYGLSVRQYNAM,fiftten five nineti five,ok,A24LUXW1DB1QI5,Dissimilar,ATHS9GUME1XCA,Dissimilar,Yes,Dissimilar,Dissimilar,2018-02-19 21:33:07 UTC
3RQVKZ7ZRKUZGIAV047UE6N7FN127J,fiftten five nineti five,feb 23 1993,A1W4Q0E00VP6VD,Dissimilar,A22T69YW4WUANF,Dissimilar,Yes,Dissimilar,Dissimilar,2018-02-19 21:44:53 UTC
3AC6MFV69KTMFIJJ2K2KSUM8EZWHZ8,fiftten five nineti five,julu 3rd 1993,A24LUXW1DB1QI5,Dissimilar,A2BOXK0KVXGKPU,Dissimilar,Yes,Dissimilar,Dissimilar,2018-02-19 21:41:10 UTC
3PA41K45VNFV8PB122I6AJV0QXT7PB,fiftten five nineti five,27-05-1995,A1L5H5KX16J1LS,Dissimilar,A62H1UZADLF7Q,Dissimilar,Yes,Dissimilar,Dissimilar,2018-02-19 21:37:41 UTC
3UYRNV2KITAZ5I47WSXKKUM012YN8I,fiftten five nineti five,1011986,A1L5H5KX16J1LS,Dissimilar,A22T69YW4WUANF,Similar,No,no_agreement,Dissimilar,2018-02-19 21:39:35 UTC
3YGYP13641K5NNJ3V13KBBH5RUMRNY,feb 23 1993,cvvfd,A1W4Q0E00VP6VD,Dissimilar,ATHS9GUME1XCA,Dissimilar,Yes,Dissimilar,Dissimilar,2018-02-19 21:44:01 UTC
3ULIZ0H1VAGD4TEGT7SJB3Z6WBS51Q,feb 23 1993,16th of december,ATHS9GUME1XCA,Dissimilar,A22T69YW4WUANF,Similar,No,no_agreement,Dissimilar,2018-02-19 21:32:41 UTC
3QXFBUZ4ZKRRTNUYCRLUQ2VSXH4GUJ,cvvfd,jan 1 1977,A1W4Q0E00VP6VD,Dissimilar,A2653BIPJKEMRK,Dissimilar,Yes,Dissimilar,Dissimilar,2018-02-19 21:32:39 UTC
32W3UF2EZOWFVDKEVZYTN7CJ0COC4I,cvvfd,14-Sep-90,A21DPR9K4T7R3D,Dissimilar,AYUREWGFQG5JV,Dissimilar,Yes,Dissimilar,Dissimilar,2018-02-19 21:36:28 UTC
3UOMW19E6DHXRWOE94H3SZIX08JC5N,cvvfd,10/28/87,A1W4Q0E00VP6VD,Dissimilar,A3628JW6KICN08,Similar,No,no_agreement,Dissimilar,2018-02-19 21:44:15 UTC
3566S7OX5DUSRXSZH07G9ND2NHN717,c,1st july 1994,A2653BIPJKEMRK,Dissimilar,A2MCG5W6LHSRG9,Dissimilar,Yes,Dissimilar,Dissimilar,2018-02-19 21:31:00 UTC
39WSF6KUV2WYW4EAAAJXRTIR2F1EON,bye bye i don't know,1-Sep,A1L5H5KX16J1LS,Dissimilar,A1NKBXOTZAI1YK,Dissimilar,Yes,Dissimilar,Dissimilar,2018-02-19 21:35:25 UTC
307FVKVSYRQ9JWPI4IQI7LK5Z1X74K,bye bye i don't know,1-Sep-76,A2653BIPJKEMRK,Dissimilar,A62H1UZADLF7Q,Dissimilar,Yes,Dissimilar,Dissimilar,2018-02-19 21:36:55 UTC
3SA4EMRVJVDHQEBHH3XXV4LDIJNP0T,bye bye i don't know,5th february 1995,A1NKBXOTZAI1YK,Dissimilar,A2653BIPJKEMRK,Dissimilar,Yes,Dissimilar,Dissimilar,2018-02-19 21:30:27 UTC
3FVBZG9CLJPPDXDTYQPSMVJMWSDH0G,bye bye i don't know,nov 11 1980,A1W4Q0E00VP6VD,Dissimilar,ATHS9GUME1XCA,Dissimilar,Yes,Dissimilar,Dissimilar,2018-02-19 21:32:09 UTC
36JW4WBR06VGA1SJ188DP26Q2U2FHI,bye bye i don't know,3/4/88,A21DPR9K4T7R3D,Dissimilar,A22T69YW4WUANF,Similar,No,no_agreement,Dissimilar,2018-02-19 21:38:50 UTC
3IKMEYR0LW6NBXHFJYW3IBSTL71K27,august 15 1990,xcds,A1W4Q0E00VP6VD,Dissimilar,A2653BIPJKEMRK,Dissimilar,Yes,Dissimilar,Dissimilar,2018-02-19 21:31:01 UTC
3OKP4QVBP287EEG06M43Q1JYQECAG1,august,30/05/1987,A1NKBXOTZAI1YK,Dissimilar,ATHS9GUME1XCA,Dissimilar,Yes,Dissimilar,Dissimilar,2018-02-19 21:36:33 UTC
3VO4XFFP15XG81CG2FXVAOLAVTF7Q2,are you open for business?,1993,A1W4Q0E00VP6VD,Dissimilar,AMWIBULQ4S8K3,Dissimilar,Yes,Dissimilar,Dissimilar,2018-02-19 21:31:14 UTC
3G57RS03HHGKTEWCCBSXGM9BOH6527,are you open for business?,1990,A1ZD9SJXQ9C6EW,Dissimilar,A3RLCGRXA34GC0,Dissimilar,Yes,Dissimilar,Dissimilar,2018-02-19 21:39:40 UTC
3PCPFX4U401TNURMKYV7YGYRTHYFQE,are you open for business?,6th may 2000,A22T69YW4WUANF,Dissimilar,A2MCG5W6LHSRG9,Dissimilar,Yes,Dissimilar,Dissimilar,2018-02-19 21:38:03 UTC
3UL5XDRDNCUVFTY1SS1YQDMEAHY58A,are you open for business?,6-May-00,A21DPR9K4T7R3D,Dissimilar,A2BOXK0KVXGKPU,Dissimilar,Yes,Dissimilar,Dissimilar,2018-02-19 21:39:28 UTC
3PKJ68EHDN7WF3EFKYZY40YIV1JHJN,are you open for business?,5231990,A2BOXK0KVXGKPU,Dissimilar,A22T69YW4WUANF,Similar,No,no_agreement,Dissimilar,2018-02-19 21:37:05 UTC
3KQC8JMJGC3LUPCQHD7BOTHTZ4XH3B,april 3rd,c,A24LUXW1DB1QI5,Dissimilar,A2S96ZZ70YFPSK,Dissimilar,Yes,Dissimilar,Dissimilar,2018-02-19 21:43:35 UTC
3MXX6RQ9EVGYP2TI04KZ77BQZV3P49,april 3rd,16/05/1987,A1L5H5KX16J1LS,Dissimilar,A21DPR9K4T7R3D,Dissimilar,Yes,Dissimilar,Dissimilar,2018-02-19 21:37:29 UTC
3WYZV0QBFJONJAGI1A439Y3ZBMTBXP,april 3rd,14091990,A1LZWU72K42V92,Dissimilar,A3HAPMZV7CYDY8,Similar,No,no_agreement,Dissimilar,2018-02-19 21:32:23 UTC
3VLL1PIENQZW7Z566XXAC3J9QL9ZOD,april 12th,my feet smells very bad,A22T69YW4WUANF,Dissimilar,A2653BIPJKEMRK,Dissimilar,Yes,Dissimilar,Dissimilar,2018-02-19 21:37:03 UTC
3PEG1BH7AE2HZAHB2RPEJ4VXFDEKB9,april 12th,5th february 1995,ATHS9GUME1XCA,Dissimilar,A3628JW6KICN08,Similar,No,no_agreement,Dissimilar,2018-02-19 21:34:15 UTC
3TKXBROM5TLWBYPZQGHJ4CZXVEYJII,8th dec 1988,april 3rd,ATHS9GUME1XCA,Dissimilar,A22T69YW4WUANF,Similar,No,no_agreement,Dissimilar,2018-02-19 21:37:45 UTC
3KTCJ4SCVGCBC0ZML695S5ASI6IM1X,6th may 2000,6th may,A1LZWU72K42V92,Dissimilar,ATHS9GUME1XCA,Dissimilar,Yes,Dissimilar,Dissimilar,2018-02-19 21:49:43 UTC
3HRWUH63QUDGI0L5YUQH8AC9ZCXN5G,6th may 2000,1987,A1LZWU72K42V92,Dissimilar,A22T69YW4WUANF,Similar,No,no_agreement,Dissimilar,2018-02-19 21:39:50 UTC
3RKHNXPHGW7WV9QH2I69OUNL4YLUK0,6th may 2000,1987,A1W4Q0E00VP6VD,Dissimilar,A22T69YW4WUANF,Similar,No,no_agreement,Dissimilar,2018-02-19 21:45:53 UTC
3KA7IJSNW6GIA1ERFJUMFLHW9NKPBF,6th may,30/05/1987,A21DPR9K4T7R3D,Dissimilar,A22T69YW4WUANF,Similar,No,no_agreement,Dissimilar,2018-02-19 21:38:57 UTC
3YLTXLH3DFHS1EHDFB4I1WKU40PPHV,30.05.1987,1990,A1W4Q0E00VP6VD,Dissimilar,A2S96ZZ70YFPSK,Similar,No,no_agreement,Dissimilar,2018-02-19 21:40:28 UTC
30F94FBDNRVG2T7YW036KVITYQ5BT6,2nd feb 1982,1987,A1W4Q0E00VP6VD,Dissimilar,A2653BIPJKEMRK,Similar,No,no_agreement,Dissimilar,2018-02-19 21:32:42 UTC
3X52SWXE0XGR4F3Y554CIZVAK5NCW4,28/04/1995,april,ATHS9GUME1XCA,Dissimilar,A2BOXK0KVXGKPU,Similar,No,no_agreement,Dissimilar,2018-02-19 21:39:51 UTC
3421H3BM9AS30XWWMMB6RJ0UCOBJ9Z,27/12/1986,11/09/214,A1NKBXOTZAI1YK,Dissimilar,A2653BIPJKEMRK,Similar,No,no_agreement,Dissimilar,2018-02-19 21:28:18 UTC
3MDWE879UHDXIEYKYUYPTVHH4J29B4,27/12/1986,1-Sep,ATHS9GUME1XCA,Dissimilar,A2653BIPJKEMRK,Similar,No,no_agreement,Dissimilar,2018-02-19 21:35:15 UTC
3MG8450X2OLX60NXFABHKB9KY8RUP1,27-05-1995,cvvfd,A1W4Q0E00VP6VD,Dissimilar,A22T69YW4WUANF,Dissimilar,Yes,Dissimilar,Dissimilar,2018-02-19 21:44:29 UTC
371Q3BEXDHKB5RXZDEEJW8TANACZSA,23/08/1990,c,A2BOXK0KVXGKPU,Dissimilar,A3628JW6KICN08,Similar,No,no_agreement,Dissimilar,2018-02-19 21:38:37 UTC
3AC6MFV69KTMFIJJ2K2KSUM8EZVZHP,23/06/1979,5231990,ATHS9GUME1XCA,Dissimilar,A3HAPMZV7CYDY8,Similar,No,no_agreement,Dissimilar,2018-02-19 21:35:31 UTC
3TTPFEFXCTVKR8Z80F59VWTD9VZH6H,23/06/1979,1994,A1W4Q0E00VP6VD,Dissimilar,A3HAPMZV7CYDY8,Similar,No,no_agreement,Dissimilar,2018-02-19 21:45:45 UTC
3CIS7GGG65UT99Y76WV6QZAGK1PUEG,20.01.1993,cvvfd,A2BOXK0KVXGKPU,Dissimilar,A62H1UZADLF7Q,Dissimilar,Yes,Dissimilar,Dissimilar,2018-02-19 21:36:35 UTC
31D0ZWOD0AAA3A5FSKF059WIJXNA0Y,1984/feb,01.01.1981,A1L5H5KX16J1LS,Dissimilar,A22T69YW4WUANF,Similar,No,no_agreement,Dissimilar,2018-02-19 21:38:25 UTC
33CLA8O0MIMTZV6MXDK7368WP30FRF,18th september 1988,april 3rd,A3628JW6KICN08,Dissimilar,A2BOXK0KVXGKPU,Similar,No,no_agreement,Dissimilar,2018-02-19 21:38:55 UTC
3VEI3XUCZR85Q8VGBGGCF0M0R9NRPU,18th september 1988,Nov-83,A1W4Q0E00VP6VD,Dissimilar,A1L5H5KX16J1LS,Similar,No,no_agreement,Dissimilar,2018-02-19 21:37:20 UTC
3K3IX1W4S62DRR9Z95UQKAXQR5ZPAK,16th of december,8/4/90,A21DPR9K4T7R3D,Dissimilar,ATHS9GUME1XCA,Dissimilar,Yes,Dissimilar,Dissimilar,2018-02-19 21:37:34 UTC
3QO7EE372OY3ADF6FW9BFQ76EJ6BQS,16-05-1987,1984,ATHS9GUME1XCA,Dissimilar,A22T69YW4WUANF,Similar,No,no_agreement,Dissimilar,2018-02-19 21:36:20 UTC
344M16OZKIQGEJEY9VJKC4IMC5WNEH,15th april 1980,1,A2653BIPJKEMRK,Dissimilar,ATHS9GUME1XCA,Dissimilar,Yes,Dissimilar,Dissimilar,2018-02-19 21:34:55 UTC
3X55NP42EORD76AE0QFGX2JKLV7P3O,15th april 1980,14091990,ATHS9GUME1XCA,Dissimilar,A2653BIPJKEMRK,Similar,No,no_agreement,Dissimilar,2018-02-19 21:36:28 UTC
37VHPF5VYCEGEE7G72O64JSO2YKC8P,15th april 1980,1,A3628JW6KICN08,Dissimilar,A22T69YW4WUANF,Similar,No,no_agreement,Dissimilar,2018-02-19 21:35:33 UTC
3CVBMEMMXBR3V8DDJPA11AT946JH7G,15/08/90,23,A1W4Q0E00VP6VD,Dissimilar,A3HAPMZV7CYDY8,Similar,No,no_agreement,Dissimilar,2018-02-19 21:34:40 UTC
3YLTXLH3DFHS1EHDFB4I1WKU40PHPN,15/08/90,1-Sep,A1L5H5KX16J1LS,Dissimilar,A22T69YW4WUANF,Similar,No,no_agreement,Dissimilar,2018-02-19 21:37:03 UTC
3CMV9YRYP3CY1ZX5BJEWWSRPCISJLW,15/02/96,14091990,A1W4Q0E00VP6VD,Dissimilar,A22T69YW4WUANF,Similar,No,no_agreement,Dissimilar,2018-02-19 21:45:32 UTC
3G9UA71JVV5ZME837PDMDN9OHYN7JB,15.05.1994,1990,A1LZWU72K42V92,Dissimilar,A62H1UZADLF7Q,Similar,No,no_agreement,Dissimilar,2018-02-19 21:36:12 UTC
3YOAVL4CA0SS36VONDI1Y5D49UA4Z9,15.05.1994,3051969,A1W4Q0E00VP6VD,Dissimilar,AMJ3Y0GICJ60A,Similar,No,no_agreement,Dissimilar,2018-02-19 21:35:55 UTC
3SU800BH863I6COCFNQ6KGZU34DUQS,15.05.1994,6th may,A1W4Q0E00VP6VD,Dissimilar,A3HAPMZV7CYDY8,Similar,No,no_agreement,Dissimilar,2018-02-19 21:34:23 UTC
351S7I5UG97OPZ0QNWUB9KVEHDSJNY,14/9/1990,c,A1W4Q0E00VP6VD,Dissimilar,A2653BIPJKEMRK,Dissimilar,Yes,Dissimilar,Dissimilar,2018-02-19 21:38:30 UTC
3UXQ63NLAAXSJGZTNR1FY48C4DJBL3,14/9/1990,xcds,A1L5H5KX16J1LS,Dissimilar,ATHS9GUME1XCA,Dissimilar,Yes,Dissimilar,Dissimilar,2018-02-19 21:35:48 UTC
3IYI9285WSB5YV3ZY6LXT912I9EJCG,11/09/214,xxf,A2MCG5W6LHSRG9,Dissimilar,ATHS9GUME1XCA,Dissimilar,Yes,Dissimilar,Dissimilar,2018-02-19 21:36:38 UTC
3T5ZXGO9DEZZSBIMLAPE18E95MRZQL,14091990,30/05/1987,AYUREWGFQG5JV,Dissimilar,A22T69YW4WUANF,Similar,No,no_agreement,Dissimilar,2018-02-19 21:39:13 UTC
3SV8KD29L43DH8KR855H5M206GZZKT,14091990,1985,A1W4Q0E00VP6VD,Dissimilar,A2BOXK0KVXGKPU,Similar,No,no_agreement,Dissimilar,2018-02-19 21:42:27 UTC
3S1L4CQSFXG10EK5V2YL8GJMPZCFA7,14091990,5/16/07,A1W4Q0E00VP6VD,Dissimilar,A62H1UZADLF7Q,Similar,No,no_agreement,Dissimilar,2018-02-19 21:36:53 UTC
3VCK0Q0PO5PHNTZ41OK5RFGII4MN0V,14091990,30/05/1987,ATHS9GUME1XCA,Dissimilar,A22T69YW4WUANF,Similar,No,no_agreement,Dissimilar,2018-02-19 21:39:26 UTC
3X878VYTIETJHCM7OZM1YPHWOR67F8,11101986,Nov-83,A1L5H5KX16J1LS,Dissimilar,A1IOMFFEKCWOIT,Similar,No,no_agreement,Dissimilar,2018-02-19 21:35:34 UTC
37VE3DA4YUSQXKG3W6MH6CF5NWABHW,11101986,23/08/1990,A1W4Q0E00VP6VD,Dissimilar,A2BOXK0KVXGKPU,Similar,No,no_agreement,Dissimilar,2018-02-19 21:36:37 UTC
3PMR2DOWOOCUWSBZGPBL91698V2452,5231990,1/1/80,A2653BIPJKEMRK,Dissimilar,AYUREWGFQG5JV,Dissimilar,Yes,Dissimilar,Dissimilar,2018-02-19 21:31:15 UTC
3ACRLU860NPEDAP165EBL9ISVGIEBJ,5231990,1990,A1LZWU72K42V92,Dissimilar,ATHS9GUME1XCA,Dissimilar,Yes,Dissimilar,Dissimilar,2018-02-19 21:35:56 UTC
3TCFMTM8HEZL5WVTBOQLDWWUC1121M,5231990,27,A62H1UZADLF7Q,Dissimilar,A2HG1N3BVQO6I,Similar,No,no_agreement,Dissimilar,2018-02-19 21:34:12 UTC
3D3B8GE8922ZM8ZUHZGQOFM6LNHP95,5231919,1985,A1W4Q0E00VP6VD,Dissimilar,ATHS9GUME1XCA,Dissimilar,Yes,Dissimilar,Dissimilar,2018-02-19 21:37:10 UTC
338431Z1FLQN58JFWG3XQ0HAH4RROD,5231919,c,A1LZWU72K42V92,Dissimilar,ATHS9GUME1XCA,Dissimilar,Yes,Dissimilar,Dissimilar,2018-02-19 21:49:15 UTC
3SCKNODZ0XRV54ZOMN5E6UQ5QISN7V,5231919,1987,A1W4Q0E00VP6VD,Dissimilar,A24LUXW1DB1QI5,Dissimilar,Yes,Dissimilar,Dissimilar,2018-02-19 21:44:38 UTC
336OE47KI2VN3O9YWMZH8RJZ5C2WVM,5231919,november 11 1991,A1NKBXOTZAI1YK,Dissimilar,A3628JW6KICN08,Similar,No,no_agreement,Dissimilar,2018-02-19 21:32:28 UTC
3NCN4N1H1GSI7G2EZ4HUBWC198JNBH,5231919,8/4/90,A2653BIPJKEMRK,Dissimilar,A2BOXK0KVXGKPU,Similar,No,no_agreement,Dissimilar,2018-02-19 21:36:21 UTC
3KWGG5KP6JDVZ39K13YP91TJM39MCN,5231919,1/5/88,ATHS9GUME1XCA,Dissimilar,A22T69YW4WUANF,Similar,No,no_agreement,Dissimilar,2018-02-19 21:39:31 UTC
3VW0145YLYNI7HFQBVFBW56ECNIMJ1,1011986,6th may 2000,A1L5H5KX16J1LS,Dissimilar,ATHS9GUME1XCA,Dissimilar,Yes,Dissimilar,Dissimilar,2018-02-19 21:39:57 UTC
335VBRURDJBVPHA48L0FU3N27GF9E4,1011986,july 3rd 1993,ATHS9GUME1XCA,Dissimilar,A3628JW6KICN08,Similar,No,no_agreement,Dissimilar,2018-02-19 21:34:43 UTC
3P6ENY9P7970KSU92GEYSZJIIMUHIB,16-Nov,3569,A1W4Q0E00VP6VD,Dissimilar,A22T69YW4WUANF,Similar,No,no_agreement,Dissimilar,2018-02-19 21:31:57 UTC
3R5LWXWHR0JJAROTHWWHA9UWRZLGXB,16-Nov,15/04/1980,A1LZWU72K42V92,Dissimilar,A3HAPMZV7CYDY8,Similar,No,no_agreement,Dissimilar,2018-02-19 21:32:32 UTC
3Y3N5A7N4GK826APXVGE6SL2PRRMYV,16-Nov,5/30/87,A1W4Q0E00VP6VD,Dissimilar,A3628JW6KICN08,Similar,No,no_agreement,Dissimilar,2018-02-19 21:33:58 UTC
3Z56AA6EK4B6JM0JRCLMN119QHYM6V,16-Nov,22/8/1995,ATHS9GUME1XCA,Dissimilar,A24LUXW1DB1QI5,Similar,No,no_agreement,Dissimilar,2018-02-19 21:37:49 UTC
3A520CCNWNB9U0K90REFQYYMDYXEAO,16-Nov,1994,A21DPR9K4T7R3D,Dissimilar,A2S96ZZ70YFPSK,Similar,No,no_agreement,Dissimilar,2018-02-19 21:56:15 UTC
3NSCTNUR2ZY9YHRGPQLCM4S905Y5AE,16-Nov,5th february 1995,A1W4Q0E00VP6VD,Dissimilar,A24LUXW1DB1QI5,Similar,No,no_agreement,Dissimilar,2018-02-19 21:45:49 UTC
36GJS3V78V1IF7J40SHGJ0MHG16JGQ,1-Sep,c,ATHS9GUME1XCA,Dissimilar,AVOF14300525D,Dissimilar,Yes,Dissimilar,Dissimilar,2018-02-19 21:36:16 UTC
3TX9T2ZCB9C4C8E8XJOKTXWVTN8WZM,1-Sep,c,A2BOXK0KVXGKPU,Dissimilar,ATHS9GUME1XCA,Dissimilar,Yes,Dissimilar,Dissimilar,2018-02-19 21:38:34 UTC
3TFJJUELSH05SZ5RRLF5USFLGYS2CC,1-Sep,25-05-1995,ATHS9GUME1XCA,Dissimilar,A2BOXK0KVXGKPU,Similar,No,no_agreement,Dissimilar,2018-02-19 21:37:57 UTC
3UUSLRKAULEMJS8BXTRBAPEBCEQ7DX,1-Sep,10/27/96,A1W4Q0E00VP6VD,Dissimilar,A1L5H5KX16J1LS,Similar,No,no_agreement,Dissimilar,2018-02-19 21:42:16 UTC
3VZYA8PITO9DX4TYXOOJXYGWRJM50N,1-Apr,3051969,A1LZWU72K42V92,Dissimilar,A2653BIPJKEMRK,Dissimilar,Yes,Dissimilar,Dissimilar,2018-02-19 21:49:57 UTC
33N1S8XHHMWBB7Y50VZZ0761XA01ZT,1-Apr,5/8/97,AMWIBULQ4S8K3,Dissimilar,A22T69YW4WUANF,Similar,No,no_agreement,Dissimilar,2018-02-19 21:31:22 UTC
3TZ0XG8CBUVEGG0DVIEF2TRGWDH985,1-Jan,bye bye i don't know,A22T69YW4WUANF,Dissimilar,A2S96ZZ70YFPSK,Dissimilar,Yes,Dissimilar,Dissimilar,2018-02-19 21:34:52 UTC
3ODOP6T3ASV2XVSCY69NBU3XOLB24Z,1-Jan,9/1/85,AYUREWGFQG5JV,Dissimilar,A3HAPMZV7CYDY8,Similar,No,no_agreement,Dissimilar,2018-02-19 21:31:10 UTC
3H1C3QRA01UXNFH7K5A6WTOAD1ICEO,1-Jan,1987,AYUREWGFQG5JV,Dissimilar,A22T69YW4WUANF,Similar,No,no_agreement,Dissimilar,2018-02-19 21:36:42 UTC
3XH7ZM9YX25KYLF9URKFTAMLM559RH,1-Jan,10/23/74,A1L5H5KX16J1LS,Dissimilar,A3628JW6KICN08,Similar,No,no_agreement,Dissimilar,2018-02-19 21:38:16 UTC
3KLL7H3EGDC56YE91NDH7O9CQOQHV8,1-Jan,14-09-1990,AYUREWGFQG5JV,Dissimilar,A22T69YW4WUANF,Similar,No,no_agreement,Dissimilar,2018-02-19 21:40:45 UTC
3RZS0FBRWKL1K66XTJQHQ5NER8KCP9,1-Jan,6/24/88,A1W4Q0E00VP6VD,Dissimilar,A22T69YW4WUANF,Similar,No,no_agreement,Dissimilar,2018-02-19 21:44:33 UTC
33KMQD9OFJP62J716GOPAX4FQ3N774,1-Jan,1-Sep-76,A1W4Q0E00VP6VD,Dissimilar,A2BOXK0KVXGKPU,Similar,No,no_agreement,Dissimilar,2018-02-19 21:44:49 UTC
3QE4DGPGBRMSCP0JXLUCDYXYY4G4GK,1/1/11,ok,A2653BIPJKEMRK,Dissimilar,A3628JW6KICN08,Similar,No,no_agreement,Dissimilar,2018-02-19 21:33:54 UTC
3V0TR1NRVADR2YNGBL22HCMV093A4E,1/1/01,august,A1W4Q0E00VP6VD,Dissimilar,A1IOMFFEKCWOIT,Similar,No,no_agreement,Dissimilar,2018-02-19 21:33:06 UTC
3CIS7GGG65UT99Y76WV6QZAGK1PEU0,1/1/01,jan 2nd,A3628JW6KICN08,Dissimilar,A62H1UZADLF7Q,Similar,No,no_agreement,Dissimilar,2018-02-19 21:35:54 UTC
3JYPJ2TAYIJ8NIQ7KLGIYB8HOLCPFX,1/1/01,23,A2BOXK0KVXGKPU,Dissimilar,A3HAPMZV7CYDY8,Similar,No,no_agreement,Dissimilar,2018-02-19 21:39:15 UTC
3RWSQDNYL9XWW51D6IKDMHUDMFPFFK,5/8/97,1990,A1W4Q0E00VP6VD,Dissimilar,ATHS9GUME1XCA,Dissimilar,Yes,Dissimilar,Dissimilar,2018-02-19 21:38:45 UTC
37G6BXQPLQW1HGRQPNB1GYDRHGJEQV,5/8/97,Nov-83,A1L5H5KX16J1LS,Dissimilar,A22T69YW4WUANF,Similar,No,no_agreement,Dissimilar,2018-02-19 21:36:59 UTC
307L9TDWJY3D4LY1KB2OTDEPLG6N3Q,10/27/96,3569,A2653BIPJKEMRK,Dissimilar,AYUREWGFQG5JV,Dissimilar,Yes,Dissimilar,Dissimilar,2018-02-19 21:31:35 UTC
39N6W9XWRDY8AWE3MSIJTN15T5FGYH,8/5/96,my feet smells very bad,A2653BIPJKEMRK,Dissimilar,A3HAPMZV7CYDY8,Similar,No,no_agreement,Dissimilar,2018-02-19 21:31:11 UTC
301KG0KX9CWW97G7DDT65JC1TQX2HL,15-Feb-96,11101986,A1L5H5KX16J1LS,Dissimilar,A2BOXK0KVXGKPU,Similar,No,no_agreement,Dissimilar,2018-02-19 21:37:47 UTC
301KG0KX9CWW97G7DDT65JC1TQXH20,12/12/95,23,ATHS9GUME1XCA,Dissimilar,A3HAPMZV7CYDY8,Similar,No,no_agreement,Dissimilar,2018-02-19 21:32:51 UTC
3U18MJKL1UX1HLUKD4DPMGIJRTJCND,5/2/95,cvvfd,A2HG1N3BVQO6I,Dissimilar,AYUREWGFQG5JV,Dissimilar,Yes,Dissimilar,Dissimilar,2018-02-19 21:31:53 UTC
3TFJJUELSH05SZ5RRLF5USFLGYSC2M,4/28/95,6th may,AYUREWGFQG5JV,Dissimilar,A22T69YW4WUANF,Similar,No,no_agreement,Dissimilar,2018-02-19 21:36:27 UTC
3GS542CVJVYVTYHBXK7CQ9HPUNG59Z,4/28/95,26-Nov,AYUREWGFQG5JV,Dissimilar,A2BOXK0KVXGKPU,Similar,No,no_agreement,Dissimilar,2018-02-19 21:33:29 UTC
3JGHED38ED2PH332TPEPNAOCU2W7Y5,4/28/95,1-Sep,ATHS9GUME1XCA,Dissimilar,A22T69YW4WUANF,Similar,No,no_agreement,Dissimilar,2018-02-19 21:37:30 UTC
30OITAWPBQE79R16YM8LF6KFZW79HK,1/2/95,march 31st,A1W4Q0E00VP6VD,Dissimilar,A2653BIPJKEMRK,Similar,No,no_agreement,Dissimilar,2018-02-19 21:32:08 UTC
3D1TUISJWIB5PE0T2FLXBE88CUWUIP,1/2/95,1-Apr,A3628JW6KICN08,Dissimilar,A2BOXK0KVXGKPU,Similar,No,no_agreement,Dissimilar,2018-02-19 21:38:59 UTC
3D0LPO3EABAW29V1ABVRYWA7KR6OYC,9/8/94,23,A24LUXW1DB1QI5,Dissimilar,AYUREWGFQG5JV,Dissimilar,Yes,Dissimilar,Dissimilar,2018-02-19 21:34:14 UTC
3YLPJ8OXX8O3YBV9MVUG1KXT1UC4XC,9/8/94,6081984,A1W4Q0E00VP6VD,Dissimilar,A2BOXK0KVXGKPU,Similar,No,no_agreement,Dissimilar,2018-02-19 21:33:56 UTC
3Q2T3FD0ONJ7M3D18ANOGYPPGQWM3P,9/8/94,Nov-83,A3628JW6KICN08,Dissimilar,A1L5H5KX16J1LS,Similar,No,no_agreement,Dissimilar,2018-02-19 21:34:43 UTC
3T8DUCXY0NHXE0S1YGPATPN3AQ29TU,5/23/92,30,A1NKBXOTZAI1YK,Dissimilar,ATHS9GUME1XCA,Dissimilar,Yes,Dissimilar,Dissimilar,2018-02-19 21:35:25 UTC
3H1C3QRA01UXNFH7K5A6WTOAD1IECQ,5/23/92,30,A1LZWU72K42V92,Dissimilar,A2653BIPJKEMRK,Dissimilar,Yes,Dissimilar,Dissimilar,2018-02-19 21:50:13 UTC
3SZYX62S5GBRFFTIIN9SCDQJZXS75P,4/5/92,my feet smells very bad,A1W4Q0E00VP6VD,Dissimilar,A2MCG5W6LHSRG9,Dissimilar,Yes,Dissimilar,Dissimilar,2018-02-19 21:36:09 UTC
3I7KR83SNAOYBH2E47BISY07RDB9KO,4/5/92,ok,A21DPR9K4T7R3D,Dissimilar,A22T69YW4WUANF,Dissimilar,Yes,Dissimilar,Dissimilar,2018-02-19 21:39:27 UTC
3T2HW4QDUVIGSJQQCUUK4FNZM42C9E,4/5/92,1995,AYUREWGFQG5JV,Dissimilar,A2BOXK0KVXGKPU,Similar,No,no_agreement,Dissimilar,2018-02-19 21:33:49 UTC
3I7KR83SNAOYBH2E47BISY07RDBK9Z,4/5/92,1985,ATHS9GUME1XCA,Dissimilar,A24LUXW1DB1QI5,Similar,No,no_agreement,Dissimilar,2018-02-19 21:58:59 UTC
3UZUVSO3P76AW1TYXU4KZPTM7FMMEG,14-Sep-90,3569,A1LZWU72K42V92,Dissimilar,A1W4Q0E00VP6VD,Dissimilar,Yes,Dissimilar,Dissimilar,2018-02-19 21:42:53 UTC
3M67TQBQQHZSZ4TSSGYTYKXBM1HA9A,6/7/90,3569,AYUREWGFQG5JV,Dissimilar,A22T69YW4WUANF,Similar,No,no_agreement,Dissimilar,2018-02-19 21:40:29 UTC
38EHZ67RIM38GFPP3PU8ZSEYKV1MGX,5/23/90,30,A1L5H5KX16J1LS,Dissimilar,A1W4Q0E00VP6VD,Dissimilar,Yes,Dissimilar,Dissimilar,2018-02-19 21:37:06 UTC
3I7SHAD35M7PNMEOAMQETF15LSI7MF,5/23/90,23,A21DPR9K4T7R3D,Dissimilar,A22T69YW4WUANF,Similar,No,no_agreement,Dissimilar,2018-02-19 21:39:14 UTC
3R0WOCG21MKOH3K7A1KMKHSVKPOUDN,12/1/89,Nov-83,A1W4Q0E00VP6VD,Dissimilar,A22T69YW4WUANF,Similar,No,no_agreement,Dissimilar,2018-02-19 21:44:07 UTC
3M67TQBQQHZSZ4TSSGYTYKXBM1H9A9,3/4/88,1990,AYUREWGFQG5JV,Dissimilar,A3HAPMZV7CYDY8,Similar,No,no_agreement,Dissimilar,2018-02-19 21:33:58 UTC
322ZSN9Z5GVWHUMPHLTJCHCNOYO4TT,3/4/88,1984/feb,A1W4Q0E00VP6VD,Dissimilar,A22T69YW4WUANF,Similar,No,no_agreement,Dissimilar,2018-02-19 21:43:13 UTC
3V8JSVE8YY1AQIICGXSVTKGTGP0EYY,1/23/88,1-Jan,A1W4Q0E00VP6VD,Dissimilar,ATHS9GUME1XCA,Dissimilar,Yes,Dissimilar,Dissimilar,2018-02-19 21:44:41 UTC
3FDWKV9VCNDRLXQKNUJP37FPT3GUM5,1/23/88,Nov-83,A1W4Q0E00VP6VD,Dissimilar,A62H1UZADLF7Q,Similar,No,no_agreement,Dissimilar,2018-02-19 21:37:50 UTC
34ZTTGSNJXZD1QISFOJ711A49WBHQE,12/27/86,c,A22T69YW4WUANF,Dissimilar,A62H1UZADLF7Q,Dissimilar,Yes,Dissimilar,Dissimilar,2018-02-19 21:37:18 UTC
3OND0WXMHWQO4NSN6XO77KLQQTNHE2,11/10/86,1966,A1W4Q0E00VP6VD,Dissimilar,ATHS9GUME1XCA,Dissimilar,Yes,Dissimilar,Dissimilar,2018-02-19 21:42:50 UTC
3RWO3EJELHKHX3WZDM1X994NNBTP1W,2/21/86,6081984,A24LUXW1DB1QI5,Dissimilar,A22T69YW4WUANF,Similar,No,no_agreement,Dissimilar,2018-02-19 21:41:24 UTC
3B286OTISESH5G61ESP6NEBEI6TAJ5,9/1/85,1990,A1L5H5KX16J1LS,Dissimilar,A24LUXW1DB1QI5,Similar,No,no_agreement,Dissimilar,2018-02-19 21:40:36 UTC
3SZYX62S5GBRFFTIIN9SCDQJZXS57N,Nov-83,1990,A1W4Q0E00VP6VD,Dissimilar,A22T69YW4WUANF,Similar,No,no_agreement,Dissimilar,2018-02-19 21:45:41 UTC
3SCKNODZ0XRV54ZOMN5E6UQ5QIS7NF,1/6/82,3569,A3HAPMZV7CYDY8,Dissimilar,A22T69YW4WUANF,Similar,No,no_agreement,Dissimilar,2018-02-19 21:33:46 UTC
3XDJY5RK5SWBH71EHQJTHDYP7CV4UK,12/22/80,1980,A1NKBXOTZAI1YK,Dissimilar,A3HAPMZV7CYDY8,Similar,No,no_agreement,Dissimilar,2018-02-19 21:32:45 UTC
37VUR2VJ6A0Y3ENV8HFRP95GOSEC15,8/7/80,3051969,A1W4Q0E00VP6VD,Dissimilar,A24LUXW1DB1QI5,Dissimilar,Yes,Dissimilar,Dissimilar,2018-02-19 21:37:35 UTC
3L21G7IH477B6HO049XGM0XZRGW1Y2,8/7/80,1984,A1W4Q0E00VP6VD,Dissimilar,ATHS9GUME1XCA,Dissimilar,Yes,Dissimilar,Dissimilar,2018-02-19 21:38:01 UTC
37SDSEDIN9DWRBXIR5ZMNN9XY1T81V,8/7/80,16-05-1987,A1LZWU72K42V92,Dissimilar,A2MCG5W6LHSRG9,Similar,No,no_agreement,Dissimilar,2018-02-19 21:30:10 UTC
31ANT7FQN8DO84ZUVWV43QFDD0OH51,4/15/80,1-Jan,AYUREWGFQG5JV,Dissimilar,A22T69YW4WUANF,Similar,No,no_agreement,Dissimilar,2018-02-19 21:39:49 UTC
3QXFBUZ4ZKRRTNUYCRLUQ2VSXH4UGX,6/23/79,1-Jan,AYUREWGFQG5JV,Dissimilar,A2653BIPJKEMRK,Similar,No,no_agreement,Dissimilar,2018-02-19 21:32:42 UTC
335HHSX8CDGJCHENA2DN1235QHMHD9,6/23/79,5231990,AYUREWGFQG5JV,Dissimilar,A1IOMFFEKCWOIT,Similar,No,no_agreement,Dissimilar,2018-02-19 21:40:25 UTC
3DZKABX2ZIGEPQ3TFVZGWXCWDWLCVU,2/4/79,c,A1W4Q0E00VP6VD,Dissimilar,A21DPR9K4T7R3D,Dissimilar,Yes,Dissimilar,Dissimilar,2018-02-19 21:36:35 UTC
32W3UF2EZOWFVDKEVZYTN7CJ0CO4CA,2/4/79,1984,A1NKBXOTZAI1YK,Dissimilar,AMWIBULQ4S8K3,Similar,No,no_agreement,Dissimilar,2018-02-19 21:29:30 UTC
3M93N4X8HKYL5CSVVSBX8E5K4C0JSA,2/4/79,1980,ATHS9GUME1XCA,Dissimilar,A2BOXK0KVXGKPU,Similar,No,no_agreement,Dissimilar,2018-02-19 21:38:26 UTC
3L1EFR8WWTGNVVA03WKLCL82JHU9FM,13-Mar-77,april 12th,A1LZWU72K42V92,Dissimilar,A2MCG5W6LHSRG9,Similar,No,no_agreement,Dissimilar,2018-02-19 21:48:19 UTC
3909MD9T2ZS4QR1HB7074Z9DAEAEF1,1/2/77,1966,AYUREWGFQG5JV,Dissimilar,A22T69YW4WUANF,Similar,No,no_agreement,Dissimilar,2018-02-19 21:37:13 UTC
3PZDSVZ3J5SYMHH5KP773I6VZG2N4B,1-Sep-76,xxf,A1W4Q0E00VP6VD,Dissimilar,A2653BIPJKEMRK,Dissimilar,Yes,Dissimilar,Dissimilar,2018-02-19 21:31:07 UTC
37OPIVELUUELEABBQSMLB1VZ5EPAH0,1-Sep-76,1980,A1NKBXOTZAI1YK,Dissimilar,AMWIBULQ4S8K3,Similar,No,no_agreement,Dissimilar,2018-02-19 21:28:38 UTC
3XDSWAMB223MKI7CTW56QADOW46CQ0,1-Sep-76,Nov-83,ATHS9GUME1XCA,Dissimilar,A2MCG5W6LHSRG9,Similar,No,no_agreement,Dissimilar,2018-02-19 21:39:00 UTC
3126F2F5F8EGH4QBPAWCGTNHCKXPEF,1-Sep-76,1984,ATHS9GUME1XCA,Dissimilar,A2BOXK0KVXGKPU,Similar,No,no_agreement,Dissimilar,2018-02-19 21:39:02 UTC
3P0I4CQYVYISD401VAD3DZPR9J6OWD,1/9/76,1-Sep,A1W4Q0E00VP6VD,Dissimilar,A21DPR9K4T7R3D,Dissimilar,Yes,Dissimilar,Dissimilar,2018-02-19 21:45:26 UTC
3WKGUBL7SZX8YHEK8CRSQQ26UL24LQ,1/1/50,1990,ATHS9GUME1XCA,Dissimilar,A3HAPMZV7CYDY8,Similar,No,no_agreement,Dissimilar,2018-02-19 21:36:00 UTC
3LEG2HW4UFYCVBP1IN562Y0ODBK2FN,3569,16th of december,A2653BIPJKEMRK,Dissimilar,A3HAPMZV7CYDY8,Similar,No,no_agreement,Dissimilar,2018-02-19 21:34:30 UTC
3CZH926SICPUSB4SRQ4ODVCMLO14E3,3569,25-05-1995,ATHS9GUME1XCA,Dissimilar,A22T69YW4WUANF,Similar,No,no_agreement,Dissimilar,2018-02-19 21:39:41 UTC
3BAWBGQGYLA8D98XOER5GBKICLU7VW,1994,its 2nd of may 1992,A1L5H5KX16J1LS,Dissimilar,A1W4Q0E00VP6VD,Dissimilar,Yes,Dissimilar,Dissimilar,2018-02-19 21:37:47 UTC
3VGZ74AYTGRV7TDYQ00UWW9MQHXCG5,1994,8/4/90,A21DPR9K4T7R3D,Dissimilar,A3HAPMZV7CYDY8,Similar,No,no_agreement,Dissimilar,2018-02-19 21:36:51 UTC
3UQ1LLR26AJN06U1HD1J3TO6MVYAL7,1994,26-Nov,A1W4Q0E00VP6VD,Dissimilar,A22T69YW4WUANF,Similar,No,no_agreement,Dissimilar,2018-02-19 21:35:18 UTC
33P2GD6NRN3RQNKX2JZA5FYVAQJHKM,1993,30,A2653BIPJKEMRK,Dissimilar,ATHS9GUME1XCA,Dissimilar,Yes,Dissimilar,Dissimilar,2018-02-19 21:36:53 UTC
3BDORL6HKKOMWJMC6BU6V0NTSQ8CR1,1993,28 of may 1986,A1W4Q0E00VP6VD,Dissimilar,A22T69YW4WUANF,Similar,No,no_agreement,Dissimilar,2018-02-19 21:42:03 UTC
3EKZL9T8Y8X97P89A6ICHWLN5HAHC9,1990,30,A1W4Q0E00VP6VD,Dissimilar,A2BOXK0KVXGKPU,Dissimilar,Yes,Dissimilar,Dissimilar,2018-02-19 21:34:30 UTC
3NSCTNUR2ZY9YHRGPQLCM4S905YA5J,1990,23-Sep-90,A2HG1N3BVQO6I,Dissimilar,ATHS9GUME1XCA,Dissimilar,Yes,Dissimilar,Dissimilar,2018-02-19 21:37:22 UTC
3S37Y8CWI8BO9BQJCQYUZ1JMSS64WJ,1990,30,A1W4Q0E00VP6VD,Dissimilar,ATHS9GUME1XCA,Dissimilar,Yes,Dissimilar,Dissimilar,2018-02-19 21:34:27 UTC
30ZKOOGW2WHAAZQXO3J0JEFSOPTA11,1990,14-Sep-90,AYUREWGFQG5JV,Dissimilar,A3HAPMZV7CYDY8,Similar,No,no_agreement,Dissimilar,2018-02-19 21:31:07 UTC
3VIVIU06FKNMC6VKTDUBK4REZ8TMIP,1990,april 3rd,A1W4Q0E00VP6VD,Dissimilar,A22T69YW4WUANF,Similar,No,no_agreement,Dissimilar,2018-02-19 21:35:33 UTC
3ZXV7Q5FJBZPTTH3FGUCEB9AP2XCF6,1990,27-05-1995,A1W4Q0E00VP6VD,Dissimilar,A2653BIPJKEMRK,Similar,No,no_agreement,Dissimilar,2018-02-19 21:31:20 UTC
3MNJFORX8BF4U88O06740530XLBF51,1990,16/08/1990,ATHS9GUME1XCA,Dissimilar,A2BOXK0KVXGKPU,Similar,No,no_agreement,Dissimilar,2018-02-19 21:38:43 UTC
34XASH8KLQXETSIO68KVT1SQLMOMP1,1970,28-Nov-99,A1L5H5KX16J1LS,Dissimilar,A3HAPMZV7CYDY8,Similar,No,no_agreement,Dissimilar,2018-02-19 21:37:50 UTC
3FULMHZ7OU8S4ZW58OS7Q3HVUQSM4A,1966,5/30/87,A1W4Q0E00VP6VD,Dissimilar,A22T69YW4WUANF,Similar,No,no_agreement,Dissimilar,2018-02-19 21:34:56 UTC
3MQY1YVHS3VMIUDLDLJAJ893YDS2B5,1966,14-09-1990,A21DPR9K4T7R3D,Dissimilar,A22T69YW4WUANF,Similar,No,no_agreement,Dissimilar,2018-02-19 21:37:12 UTC
3EPG8DX9LK1GLLXIE939CZH4ZRYP5E,1950,12/22/80,A1L5H5KX16J1LS,Dissimilar,ATHS9GUME1XCA,Dissimilar,Yes,Dissimilar,Dissimilar,2018-02-19 21:37:37 UTC
367O8HRHKGJV2U9ASLOT2CG1MFA4S4,1950,1-Sep,A1L5H5KX16J1LS,Dissimilar,A2QD9PJUKW7PKK,Similar,No,no_agreement,Dissimilar,2018-02-19 21:36:12 UTC
3TC2K6WK9GD3GWFEA9Z0S6J2Q77286,1950,cvvfd,A1LZWU72K42V92,Dissimilar,A22T69YW4WUANF,Similar,No,no_agreement,Dissimilar,2018-02-19 21:31:26 UTC
3DQYSJDTYLMLQDS2B16TA69KEJ6EXS,30,1984,A24LUXW1DB1QI5,Dissimilar,A22T69YW4WUANF,Similar,No,no_agreement,Dissimilar,2018-02-19 21:43:25 UTC
3NCN4N1H1GSI7G2EZ4HUBWC198JBN5,27,8/7/80,A1W4Q0E00VP6VD,Dissimilar,A2653BIPJKEMRK,Dissimilar,Yes,Dissimilar,Dissimilar,2018-02-19 21:31:17 UTC
3UAU495MII3FL0BW0AY2VB4UO3VUOK,27,26/11/1991,A1L5H5KX16J1LS,Dissimilar,A21DPR9K4T7R3D,Dissimilar,Yes,Dissimilar,Dissimilar,2018-02-19 21:39:35 UTC
3A520CCNWNB9U0K90REFQYYMDYXAEK,27,1984,A1L5H5KX16J1LS,Dissimilar,AYUREWGFQG5JV,Dissimilar,Yes,Dissimilar,Dissimilar,2018-02-19 21:40:34 UTC
3PEG1BH7AE2HZAHB2RPEJ4VXFDEBK0,27,10/28/87,A1L5H5KX16J1LS,Dissimilar,A22T69YW4WUANF,Similar,No,no_agreement,Dissimilar,2018-02-19 21:34:39 UTC
3FULMHZ7OU8S4ZW58OS7Q3HVUQS4MS,27,5231919,A1L5H5KX16J1LS,Dissimilar,A3628JW6KICN08,Similar,No,no_agreement,Dissimilar,2018-02-19 21:36:20 UTC
341YLJU21IAW52RRJVBR5VDGT3C2IE,23,23-9-1995,A1W4Q0E00VP6VD,Dissimilar,A2653BIPJKEMRK,Dissimilar,Yes,Dissimilar,Dissimilar,2018-02-19 21:30:32 UTC
3I7SHAD35M7PNMEOAMQETF15LSIM7U,23,16/08/1990,A1W4Q0E00VP6VD,Dissimilar,A3HAPMZV7CYDY8,Similar,No,no_agreement,Dissimilar,2018-02-19 21:37:15 UTC
3FW4EL5A3LZSUHDPUSQZIF6Z47F223,23,Nov-83,A21DPR9K4T7R3D,Dissimilar,A22T69YW4WUANF,Similar,No,no_agreement,Dissimilar,2018-02-19 21:37:41 UTC
3KTZHH2ONIQTN0J7KRIK7FX0WCOM8H,23,1994,ATHS9GUME1XCA,Dissimilar,A22T69YW4WUANF,Similar,No,no_agreement,Dissimilar,2018-02-19 21:38:08 UTC
3UV0D2KX1MUMYP4OM1OUVDXMXPG4FL,23,1990,A1ZD9SJXQ9C6EW,Dissimilar,A22T69YW4WUANF,Similar,No,no_agreement,Dissimilar,2018-02-19 21:40:12 UTC
3ZTE0JGGCE3JZ6UWEJD215IOH3OCOS,nov 11 1980,14-09-1990,A22T69YW4WUANF,Similar,AYUREWGFQG5JV,Similar,Yes,Similar,Similar,2018-02-19 21:40:35 UTC
3OZ4VAIBEXQ1X49ZPNG2J1PR3GUJVF,june 30 1991,1st july 1994,A1W4Q0E00VP6VD,Similar,A2653BIPJKEMRK,Similar,Yes,Similar,Similar,2018-02-19 21:32:47 UTC
3421H3BM9AS30XWWMMB6RJ0UCOB9JP,june 30 1991,16-05-1987,A22T69YW4WUANF,Similar,AMWIBULQ4S8K3,Similar,Yes,Similar,Similar,2018-02-19 21:34:00 UTC
3INZSNUD801QXBW4CQPVOL5H74E9DB,june 12 1988,28 of may 1986,A1W4Q0E00VP6VD,Similar,AMWIBULQ4S8K3,Similar,Yes,Similar,Similar,2018-02-19 21:31:54 UTC
3FBEFUUYRKG5HLRUU9VHEA69W09A6Z,july 3rd 1993,15/04/1980,A1LZWU72K42V92,Dissimilar,A3HAPMZV7CYDY8,Similar,No,no_agreement,Similar,2018-02-19 21:34:04 UTC
3PIOQ99R7YXX3FBKZVYPGM4PYTQUN5,july 3rd 1993,5th february 1995,A2BOXK0KVXGKPU,Similar,A3628JW6KICN08,Similar,Yes,Similar,Similar,2018-02-19 21:33:46 UTC
360ZO6N6J1UT152HPJOY7BSBGI6M96,july 3rd 1993,23-9-1995,A1W4Q0E00VP6VD,Similar,A22T69YW4WUANF,Similar,Yes,Similar,Similar,2018-02-19 21:42:19 UTC
3QGHA0EA0JB8UABSR58H7FPS2KNBWW,july 3rd 1993,01.04.1993,A1W4Q0E00VP6VD,Similar,A2BOXK0KVXGKPU,Similar,Yes,Similar,Similar,2018-02-19 21:45:37 UTC
3DFYDSXB2WB1KPKZKX6XNFN8P9LJUQ,july 24 1991,1985,A22T69YW4WUANF,Similar,A27MJOV91GA8R3,Similar,Yes,Similar,Dissimilar,2018-02-19 21:30:04 UTC
37J05LC5AXUF3N9DY2G8DFJK39QJDG,july 24 1991,1-Sep,A22T69YW4WUANF,Similar,A2BOXK0KVXGKPU,Similar,Yes,Similar,Dissimilar,2018-02-19 21:33:21 UTC
3ZLW647WAL6HFZ98YS441PBRALF23E,july 24 1991,1987,A22T69YW4WUANF,Similar,A62H1UZADLF7Q,Similar,Yes,Similar,Dissimilar,2018-02-19 21:35:27 UTC
3H5TOKO3D9UQFWBDL8LQ17K94QD46I,july 24 1991,5/30/87,A2653BIPJKEMRK,Similar,A3HAPMZV7CYDY8,Similar,Yes,Similar,Dissimilar,2018-02-19 21:32:57 UTC
3JVP4ZJHDP3P9SOD487DM7K1W5SI0A,july 24 1991,01.04.1993,A1W4Q0E00VP6VD,Similar,A2BOXK0KVXGKPU,Similar,Yes,Similar,Similar,2018-02-19 21:45:11 UTC
3VGET1QSZ0ALSY82EOW12D3WJUW7W6,julu 3rd 1993,01.01.1981,A1L5H5KX16J1LS,Similar,A2653BIPJKEMRK,Similar,Yes,Similar,Similar,2018-02-19 21:34:27 UTC
39I4RL8QGJS6CLVUHRCUYY9ZD4TH4W,julu 3rd 1993,1/6/78,A22T69YW4WUANF,Similar,ATHS9GUME1XCA,Similar,Yes,Similar,Similar,2018-02-19 21:35:15 UTC
33KGGVH24USM6CYQZDBE3MQQPA21XW,january 1 1977,01.04.1993,AS9E0S6DBSWH7,Dissimilar,A2MCG5W6LHSRG9,Similar,No,no_agreement,Similar,2018-02-19 23:13:17 UTC
3XD2A6FGFN5WZ0FM9GKKJKRH87O9S5,january 1 1977,16/05/1987,ATHS9GUME1XCA,Dissimilar,A24LUXW1DB1QI5,Similar,No,no_agreement,Similar,2018-02-19 21:40:28 UTC
3LN50BUKPVMUNA036WJGTOD1LHYPL2,january 1 1977,10/27/96,A22T69YW4WUANF,Similar,A3HAPMZV7CYDY8,Similar,Yes,Similar,Similar,2018-02-19 21:35:45 UTC
3GVPRXWRPH53R3OXP7SM1MUO4JY7IZ,january 1 1977,1-Jan,A22T69YW4WUANF,Similar,A62H1UZADLF7Q,Similar,Yes,Similar,Dissimilar,2018-02-19 21:37:12 UTC
37VE3DA4YUSQXKG3W6MH6CF5NWAHB2,jan 2nd,28 of may 1986,A22T69YW4WUANF,Similar,A2BOXK0KVXGKPU,Similar,Yes,Similar,Similar,2018-02-19 21:39:23 UTC
3TRB893CSJLPVCI2ZJSJGAH8P667G7,jan 20 1993,1/1/71,A1W4Q0E00VP6VD,Similar,A2QLSHXNCHBRN4,Similar,Yes,Similar,Similar,2018-02-19 21:29:41 UTC
3RSBJ6YZEC1Q2IE65L339B3REGGFO6,jan 20 1993,julu 3rd 1993,A2653BIPJKEMRK,Similar,AYUREWGFQG5JV,Similar,Yes,Similar,Similar,2018-02-19 21:31:39 UTC
3IJ95K7NDXNEYXAPFQ98C73YPLBGNR,jan 20 1993,1984/feb,A2BOXK0KVXGKPU,Similar,A2S96ZZ70YFPSK,Similar,Yes,Similar,Similar,2018-02-19 21:38:27 UTC
3S8A4GJRD3EP99US54MDAXKMHAA6VW,jan 20 1993,7/8/92,A22T69YW4WUANF,Similar,A2S96ZZ70YFPSK,Similar,Yes,Similar,Similar,2018-02-19 21:37:34 UTC
3UAU495MII3FL0BW0AY2VB4UO3VOUE,feb 23 1993,16-05-1987,A1L5H5KX16J1LS,Dissimilar,A2MCG5W6LHSRG9,Similar,No,no_agreement,Similar,2018-02-19 21:35:20 UTC
3XU80RHWHZRC097Z2KSB490V8Z744X,feb 23 1993,30/05/1987,A2653BIPJKEMRK,Similar,A3RLCGRXA34GC0,Similar,Yes,Similar,Similar,2018-02-19 21:35:00 UTC
359AP8GAGGVCE02XXXW0QJWTREEC72,december 17 1959,1966,A22T69YW4WUANF,Similar,A2653BIPJKEMRK,Similar,Yes,Similar,Dissimilar,2018-02-19 21:34:26 UTC
3IWA71V4TIRHDYZN5JNVYIH7XLI6XZ,cvvfd,xxf,A3628JW6KICN08,Similar,ATHS9GUME1XCA,Similar,Yes,Similar,Similar,2018-02-19 21:37:17 UTC
3BJKPTD2QCN3I0ONSXPWKANXGC8RTZ,august 16th 1990,5th february 1995,A2653BIPJKEMRK,Similar,AYUREWGFQG5JV,Similar,Yes,Similar,Similar,2018-02-19 21:31:17 UTC
3E6L1VR4XWX0DC825PH9SBH0TGMF6H,august 16th 1990,11/09/214,A2653BIPJKEMRK,Similar,A3HAPMZV7CYDY8,Similar,Yes,Similar,Similar,2018-02-19 21:54:19 UTC
3I4E7AFQ2KAMKC5AKSGNIJ166VEJTZ,august 16th 1990,march 5 1969,A1L5H5KX16J1LS,Similar,A22T69YW4WUANF,Similar,Yes,Similar,Similar,2018-02-19 21:34:59 UTC
3ECKRY5B1Q7MBDU382K5S6NNECAZII,august 15 1990,1/1/71,AYUREWGFQG5JV,Dissimilar,A2S96ZZ70YFPSK,Similar,No,no_agreement,Similar,2018-02-19 21:40:41 UTC
3H781YYV6TTE9WJI6R5WL3OE1NIET9,august 15 1990,25-05-1995,A2BOXK0KVXGKPU,Similar,AMWIBULQ4S8K3,Similar,Yes,Similar,Similar,2018-02-19 21:36:34 UTC
3PUOXASB57ET0C1048ESFDOKVMO9ZA,august 15 1990,4/10/93,A1L5H5KX16J1LS,Similar,A22T69YW4WUANF,Similar,Yes,Similar,Similar,2018-02-19 21:34:20 UTC
3T6EIBTM9LZ64N3XKMCTUF8VSJZAAP,august,july 8 1990,A2MCG5W6LHSRG9,Similar,A356EVHB3TU90R,Similar,Yes,Similar,Dissimilar,2018-02-19 21:31:14 UTC
32FESTC2NH1ECBETA5PB0BADZPCCU5,august,1980,A22T69YW4WUANF,Similar,A3HAPMZV7CYDY8,Similar,Yes,Similar,Dissimilar,2018-02-19 21:39:31 UTC
3FHTJGYT8NBE1IM2V5M0GW8TP0CPGW,april 12th,5/30/87,A2BOXK0KVXGKPU,Similar,A2MCG5W6LHSRG9,Similar,Yes,Similar,Dissimilar,2018-02-19 21:48:16 UTC
3LCXHSGDLTHDUW63HR06BYSSZ44ESK,april 1 1970,22/8/1995,A1W4Q0E00VP6VD,Similar,A2MCG5W6LHSRG9,Similar,Yes,Similar,Similar,2018-02-19 21:31:36 UTC
32L724R85LVSX9SXLTM318L94D4PIO,april 1 1970,9/1/85,A1W4Q0E00VP6VD,Similar,A22T69YW4WUANF,Similar,Yes,Similar,Similar,2018-02-19 21:42:12 UTC
3BPP3MA3TCVQQJBDXI35ZCEX7AWEL6,7th of july 1984,8/4/90,ATHS9GUME1XCA,Dissimilar,A1W4Q0E00VP6VD,Similar,No,no_agreement,Similar,2018-02-19 21:33:35 UTC
3B286OTISESH5G61ESP6NEBEI6TJAE,7th of july 1984,1995,A2653BIPJKEMRK,Similar,A2S96ZZ70YFPSK,Similar,Yes,Similar,Dissimilar,2018-02-19 21:31:26 UTC
356TQKY9XF8A2XCKGLGVOX0A1NT78R,7th of july 1984,30.05.1987,A22T69YW4WUANF,Similar,A3HAPMZV7CYDY8,Similar,Yes,Similar,Similar,2018-02-19 21:36:41 UTC
3YD0MU1NC2COLL5ZDJ09KO65RBT7AV,6th may 2000,july 8 1990,A22T69YW4WUANF,Similar,A2653BIPJKEMRK,Similar,Yes,Similar,Similar,2018-02-19 21:34:19 UTC
36818Z1KV3O6K24CB7XJ77UPM97A3T,6th may 2000,6/7/90,A2653BIPJKEMRK,Similar,A2MCG5W6LHSRG9,Similar,Yes,Similar,Similar,2018-02-19 21:30:08 UTC
3DIIW4IV8P668G6EN9UFYAAEDH84IC,6th may,april 12th,A1L5H5KX16J1LS,Similar,AYUREWGFQG5JV,Similar,Yes,Similar,Similar,2018-02-19 21:36:41 UTC
3PZDSVZ3J5SYMHH5KP773I6VZG24NS,6th may,16/05/1987,A22T69YW4WUANF,Similar,A2BOXK0KVXGKPU,Similar,Yes,Similar,Dissimilar,2018-02-19 21:39:43 UTC
3ZXV7Q5FJBZPTTH3FGUCEB9AP2XFC9,6th may,26/11/1991,A22T69YW4WUANF,Similar,A62H1UZADLF7Q,Similar,Yes,Similar,Dissimilar,2018-02-19 21:38:54 UTC
35U0MRQMUJIFYF0W5087RX6D2A4OV3,6 th june,1st july 1994,AYUREWGFQG5JV,Dissimilar,A1L5H5KX16J1LS,Similar,No,no_agreement,Dissimilar,2018-02-19 21:36:35 UTC
37OPIVELUUELEABBQSMLB1VZ5EPHA7,5th february 1995,jan 2nd,A1W4Q0E00VP6VD,Similar,A2653BIPJKEMRK,Similar,Yes,Similar,Dissimilar,2018-02-19 21:31:09 UTC
3GITHABACYWOJ32IGBOJA39XF26N2F,30.05.1987,1995,A22T69YW4WUANF,Similar,A2S96ZZ70YFPSK,Similar,Yes,Similar,Dissimilar,2018-02-19 21:34:30 UTC
3S4TINXCC0Y0P12Q0JH7QLC6ZIOBOK,2nd feb 1982,23-Sep-90,A1W4Q0E00VP6VD,Similar,A3628JW6KICN08,Similar,Yes,Similar,Similar,2018-02-19 21:34:46 UTC
34HEO7RUG65Y34PEMXYFP5X5SNNARX,2nd feb 1982,10/27/96,A2653BIPJKEMRK,Similar,A2BOXK0KVXGKPU,Similar,Yes,Similar,Similar,2018-02-19 21:37:42 UTC
3TY2U1TEB7LS69958Y2JGDEX8TNJJU,28/04/1995,1/1/50,A2653BIPJKEMRK,Similar,A27MJOV91GA8R3,Similar,Yes,Similar,Similar,2018-02-19 21:29:01 UTC
3TD33TP5DLDBNX8PQ0CPPQS1A1KABK,28/04/1995,15/04/1980,A21DPR9K4T7R3D,Similar,A356EVHB3TU90R,Similar,Yes,Similar,Similar,2018-02-19 21:37:22 UTC
3UEDKCTP9V1UXYELPADYE291WNN7KA,28/04/1995,1987,A22T69YW4WUANF,Similar,A62H1UZADLF7Q,Similar,Yes,Similar,Dissimilar,2018-02-19 21:36:46 UTC
3G5RUKN2ECEZJNNH1K3YKQHBL8G9NT,28/04/1995,5/23/90,A1W4Q0E00VP6VD,Similar,A22T69YW4WUANF,Similar,Yes,Similar,Similar,2018-02-19 21:36:58 UTC
3087LXLJ6MR5Z1MN301SJA79GD0F0G,27/12/1986,14091990,A2653BIPJKEMRK,Similar,A62H1UZADLF7Q,Similar,Yes,Similar,Similar,2018-02-19 21:32:54 UTC
36KM3FWE3RNSK87HLH3GVIUSIPH704,27/12/1986,27-05-1995,A2653BIPJKEMRK,Similar,A2HG1N3BVQO6I,Similar,Yes,Similar,Similar,2018-02-19 21:31:38 UTC
3S8APUMBJXU6JOPX1GYH3R3S7HXFB2,27/12/1986,12/12/95,A1W4Q0E00VP6VD,Similar,A3HAPMZV7CYDY8,Similar,Yes,Similar,Similar,2018-02-19 21:35:20 UTC
3K2CEDRACBCCLKBVNPTFYBTNAP9MT6,27/12/1986,14/9/1990,A62H1UZADLF7Q,Similar,AVOF14300525D,Similar,Yes,Similar,Similar,2018-02-19 21:34:26 UTC
3EQPA8A3747I6OE9QK55472NRRZZJU,27/12/1986,4/3/85,A24LUXW1DB1QI5,Similar,ATHS9GUME1XCA,Similar,Yes,Similar,Similar,2018-02-19 21:36:19 UTC
360ZO6N6J1UT152HPJOY7BSBGI69MT,27/12/1986,01.04.1993,A2BOXK0KVXGKPU,Similar,ATHS9GUME1XCA,Similar,Yes,Similar,Similar,2018-02-19 21:34:51 UTC
3O71U79SRB0B6KYGYPOPO6X186VMSH,27/12/1986,3/4/88,A22T69YW4WUANF,Similar,A24LUXW1DB1QI5,Similar,Yes,Similar,Similar,2018-02-19 21:42:56 UTC
3MD8CKRQZZY94XSIG3BSI40OIAHJRM,27-05-1995,5th february 1995,ATHS9GUME1XCA,Dissimilar,A22T69YW4WUANF,Similar,No,no_agreement,Similar,2018-02-19 21:40:44 UTC
31KSVEGZ343VAHSHN2U77UUWK6QRWP,27-05-1995,8/7/80,A22T69YW4WUANF,Similar,A62H1UZADLF7Q,Similar,Yes,Similar,Similar,2018-02-19 21:39:10 UTC
3JMQI2OLFZGBMD0YD0806M01CTVNDO,27-05-1995,8/4/90,A1L5H5KX16J1LS,Similar,A22T69YW4WUANF,Similar,Yes,Similar,Similar,2018-02-19 21:38:57 UTC
3OND0WXMHWQO4NSN6XO77KLQQTNEHZ,26/11/1991,14-09-1990,A22T69YW4WUANF,Similar,A2653BIPJKEMRK,Similar,Yes,Similar,Similar,2018-02-19 21:39:26 UTC
3BO3NEOQM0SLA5MVWA46BDWE5R4AIT,23/08/1990,1/9/76,A1IOMFFEKCWOIT,Similar,A2S96ZZ70YFPSK,Similar,Yes,Similar,Similar,2018-02-19 21:34:41 UTC
3W0XM68YZP6GMCZJ0UWPDSIOT1NK1Q,23/06/1979,2/8/79,A1L5H5KX16J1LS,Similar,A2653BIPJKEMRK,Similar,Yes,Similar,Similar,2018-02-19 21:37:18 UTC
3ABAOCJ4R8FZT4J36LZKT6I0QIAMQS,23/06/1979,8/7/80,A1LZWU72K42V92,Similar,A3628JW6KICN08,Similar,Yes,Similar,Similar,2018-02-19 21:34:55 UTC
3K3IX1W4S62DRR9Z95UQKAXQR5ZAP5,23/06/1979,28-Nov-99,A3628JW6KICN08,Similar,A3HAPMZV7CYDY8,Similar,Yes,Similar,Similar,2018-02-19 21:35:27 UTC
3UQVX1UPFSSLY7ABF5MLZRDK79V20J,23-9-1995,1/9/76,A21DPR9K4T7R3D,Similar,A2BOXK0KVXGKPU,Similar,Yes,Similar,Similar,2018-02-19 21:40:11 UTC
3N5YJ55YXGEDO6XMTQHYGLSVRQYAN9,23-9-1995,16/08/1990,A22T69YW4WUANF,Similar,A2BOXK0KVXGKPU,Similar,Yes,Similar,Similar,2018-02-19 21:38:55 UTC
3XUY87HIVPP88PLBESS3CXYVGHDMM5,23-9-1995,1/9/76,A22T69YW4WUANF,Similar,A24LUXW1DB1QI5,Similar,Yes,Similar,Similar,2018-02-19 21:44:04 UTC
3IYI9285WSB5YV3ZY6LXT912I9ECJ9,23-9-1995,10/1/97,A22T69YW4WUANF,Similar,A24LUXW1DB1QI5,Similar,Yes,Similar,Similar,2018-02-19 21:42:32 UTC
3RIHDBQ1NE9MGBK0NVCQKSQZZVEHMR,22/8/1995,5/30/87,A22T69YW4WUANF,Similar,A24LUXW1DB1QI5,Similar,Yes,Similar,Similar,2018-02-19 21:31:49 UTC
3JTPR5MTZSNFAU021HY1GIV55HSK58,22/8/1995,01.04.1993,A22T69YW4WUANF,Similar,ATHS9GUME1XCA,Similar,Yes,Similar,Similar,2018-02-19 21:36:23 UTC
31MBOZ6PAO2BTLRZ1RXA9OEUMYJCLB,20/01/1993,6/7/90,A1L5H5KX16J1LS,Similar,A2653BIPJKEMRK,Similar,Yes,Similar,Similar,2018-02-19 21:38:04 UTC
3MXX6RQ9EVGYP2TI04KZ77BQZV34PO,20/01/1993,julu 3rd 1993,A22T69YW4WUANF,Similar,A2653BIPJKEMRK,Similar,Yes,Similar,Similar,2018-02-19 21:30:04 UTC
3NZ1E5QA6ZCEHRW8V4L8HFCFINJ5B9,20/01/1993,5/2/95,A3HAPMZV7CYDY8,Similar,ATHS9GUME1XCA,Similar,Yes,Similar,Similar,2018-02-19 21:36:48 UTC
379OL9DBSSPTVMRV8MC916FIPSK9YJ,20.01.1993,1/2/77,A2653BIPJKEMRK,Similar,A2HG1N3BVQO6I,Similar,Yes,Similar,Similar,2018-02-19 21:31:00 UTC
373L46LKP7HNHTFNQJ2VHSEANINJKT,20.01.1993,27-05-1995,A1W4Q0E00VP6VD,Similar,A2BOXK0KVXGKPU,Similar,Yes,Similar,Similar,2018-02-19 21:42:57 UTC
307FVKVSYRQ9JWPI4IQI7LK5Z1X47H,1st july 1994,november 11 1991,A22T69YW4WUANF,Similar,A3628JW6KICN08,Similar,Yes,Similar,Similar,2018-02-19 21:32:55 UTC
34KYK9TV2RJFNTUJ70YGAQM7W7RBSH,1st january 1986,november 11 1991,A2MCG5W6LHSRG9,Similar,A356EVHB3TU90R,Similar,Yes,Similar,Similar,2018-02-19 21:30:58 UTC
3EQVJH0T40WQT6AKWSD266LRT3AHTS,1st january 1986,3/4/88,A22T69YW4WUANF,Similar,A2BOXK0KVXGKPU,Similar,Yes,Similar,Similar,2018-02-19 21:38:18 UTC
3A9LA2FRWSPXANJ412EZV96X6ZYHXB,1st january 1986,28-Nov-99,A22T69YW4WUANF,Similar,A2BOXK0KVXGKPU,Similar,Yes,Similar,Similar,2018-02-19 21:37:29 UTC
3UY4PIS8QRWHUIKMX7O55KZSNWSN1Y,18th september 1988,10/23/74,A2MCG5W6LHSRG9,Similar,ATHS9GUME1XCA,Similar,Yes,Similar,Similar,2018-02-19 21:32:25 UTC
3O2Y2UIUCQ57CRTR7TBA2UMIUB6FKM,16/08/1990,1984,A2BOXK0KVXGKPU,Similar,A62H1UZADLF7Q,Similar,Yes,Similar,Dissimilar,2018-02-19 21:35:09 UTC
3URJ6VVYUPYG42HHL47KI760PQ74O7,15th april 1980,1985,A22T69YW4WUANF,Similar,A3628JW6KICN08,Similar,Yes,Similar,Dissimilar,2018-02-19 21:34:19 UTC
3D4BBDG7ZH7UDH1AVLTAD2KDMCSC3X,15th april 1980,march 5 1969,A1W4Q0E00VP6VD,Similar,A22T69YW4WUANF,Similar,Yes,Similar,Similar,2018-02-19 21:38:08 UTC
3ZZAYRN1I620LNW7058SQFIS5POOTN,15/08/90,6th may 2000,A1L5H5KX16J1LS,Dissimilar,A3HAPMZV7CYDY8,Similar,No,no_agreement,Similar,2018-02-19 21:35:44 UTC
3QTFNPMJC6TEPE5U5IXXXEJ40B4ZNY,15/08/90,1/6/78,A1IOMFFEKCWOIT,Similar,A2653BIPJKEMRK,Similar,Yes,Similar,Similar,2018-02-19 21:30:37 UTC
3DGDV62G7OKOMOEVWQ1BESESFH7P2D,15/08/90,5/16/07,A2653BIPJKEMRK,Similar,A2S96ZZ70YFPSK,Similar,Yes,Similar,Similar,2018-02-19 21:32:13 UTC
3D06DR5225U76OCMHP2Y363VM0OMAL,15/08/90,5/23/92,A2S96ZZ70YFPSK,Similar,ATHS9GUME1XCA,Similar,Yes,Similar,Similar,2018-02-19 21:39:05 UTC
3M7OI89LVYZTA0OSENR8K5WXW3UC63,15/08/90,14-09-1990,A2653BIPJKEMRK,Similar,A2BOXK0KVXGKPU,Similar,Yes,Similar,Similar,2018-02-19 21:34:25 UTC
3VI0PC2ZAYV7245R5F9PFI3YILCOX6,15/08/90,1990,A2BOXK0KVXGKPU,Similar,A3HAPMZV7CYDY8,Similar,Yes,Similar,Dissimilar,2018-02-19 21:34:07 UTC
3BC9H1KCYUN47I431XM1FQNTNT4WYV,15/08/90,5/30/87,A62H1UZADLF7Q,Similar,ATHS9GUME1XCA,Similar,Yes,Similar,Similar,2018-02-19 21:34:44 UTC
3L60IFZKF3T0OXJPWYWDSNI3I9FHHI,15/04/1980,4/3/85,A2HG1N3BVQO6I,Dissimilar,A2BOXK0KVXGKPU,Similar,No,no_agreement,Similar,2018-02-19 21:38:22 UTC
3AXFSPQOYQ9C17N9P8BY1FM5FM6FJN,15/04/1980,1995,A22T69YW4WUANF,Similar,A3628JW6KICN08,Similar,Yes,Similar,Dissimilar,2018-02-19 21:31:50 UTC
3BCRDCM0OD5BTY0G60868O951C3K6O,15/04/1980,5/2/95,A62H1UZADLF7Q,Similar,ATHS9GUME1XCA,Similar,Yes,Similar,Similar,2018-02-19 21:33:00 UTC
31SIZS5W59QQQKWVBTV1F5CAW59RQL,15/04/1980,july 24 1991,A22T69YW4WUANF,Similar,A2BOXK0KVXGKPU,Similar,Yes,Similar,Similar,2018-02-19 21:35:52 UTC
3NRZ1LDP7WHESZH7LXAP13OZ0Q5ZPU,15/02/96,4/3/85,A1W4Q0E00VP6VD,Similar,A2653BIPJKEMRK,Similar,Yes,Similar,Similar,2018-02-19 21:38:20 UTC
3YKP7CX6G2QT4VARJX05FZQB9TE7BQ,15.05.1994,13-Mar-77,A1W4Q0E00VP6VD,Similar,AMWIBULQ4S8K3,Similar,Yes,Similar,Similar,2018-02-19 21:30:41 UTC
3S1WOPCJFG4KVTNDUXRSJX153LRJE9,15.05.1994,30.05.1987,A2653BIPJKEMRK,Similar,A2BOXK0KVXGKPU,Similar,Yes,Similar,Similar,2018-02-19 21:36:41 UTC
3PR3LXCWSFA4VH1L3QQ7IS89NMQ9XD,15.05.1994,1/1/01,A2MCG5W6LHSRG9,Similar,AMWIBULQ4S8K3,Similar,Yes,Similar,Similar,2018-02-19 21:37:59 UTC
34O39PNDK6J3MEU6SBYBKGHBA58BRT,15.05.1994,6-May-00,A22T69YW4WUANF,Similar,A24LUXW1DB1QI5,Similar,Yes,Similar,Similar,2018-02-19 21:38:42 UTC
3LG268AV38H1TH6Q2201LONWD2LERW,15.05.1994,12/12/95,A1W4Q0E00VP6VD,Similar,A2653BIPJKEMRK,Similar,Yes,Similar,Similar,2018-02-19 21:40:32 UTC
3DWNFENNE3623RQK5RFFABPEQWX4JO,15.05.1994,16/05/1987,A1W4Q0E00VP6VD,Similar,A62H1UZADLF7Q,Similar,Yes,Similar,Similar,2018-02-19 21:33:06 UTC
3PA41K45VNFV8PB122I6AJV0QXTP7T,15.05.1994,26-Nov,A22T69YW4WUANF,Similar,A2BOXK0KVXGKPU,Similar,Yes,Similar,Dissimilar,2018-02-19 21:39:20 UTC
338GLSUI43M50A6ZC2KCTGDSB5JFS3,14-09-1990,1/1/71,A2BOXK0KVXGKPU,Similar,A3628JW6KICN08,Similar,Yes,Similar,Similar,2018-02-19 21:34:44 UTC
37ZQELHEQ09EQ76BQT73PCNVL7NMN5,11/09/214,12/8/90,A22T69YW4WUANF,Similar,A3HAPMZV7CYDY8,Similar,Yes,Similar,Similar,2018-02-19 21:35:27 UTC
3W5PY7V3UPII1Y44UY3MQ0TLLXWJYO,11/09/214,1/1/91,A1W4Q0E00VP6VD,Similar,ATHS9GUME1XCA,Similar,Yes,Similar,Similar,2018-02-19 21:40:02 UTC
375VSR8FVWKZ4CXMYPEE6YOE18TZRM,01.04.1993,1/2/92,A1W4Q0E00VP6VD,Similar,A2MCG5W6LHSRG9,Similar,Yes,Similar,Similar,2018-02-19 21:37:43 UTC
3NBFJK3IOHTWGIA1G59LRW33FVGGO6,11101986,15/04/1980,A22T69YW4WUANF,Similar,A2BOXK0KVXGKPU,Similar,Yes,Similar,Dissimilar,2018-02-19 21:38:42 UTC
34D9ZRXCYR5A4JPR1MYKFF21EP6ASL,11101986,1/5/88,A1W4Q0E00VP6VD,Similar,A22T69YW4WUANF,Similar,Yes,Similar,Dissimilar,2018-02-19 21:39:20 UTC
329E6HTMSWDCWFDYNYA81LXLRL1K3I,5231990,01.04.1993,A3628JW6KICN08,Similar,A62H1UZADLF7Q,Similar,Yes,Similar,Dissimilar,2018-02-19 21:35:48 UTC
3LXX8KJXPWKH18NT2Z3BZFHGBIL9O8,1011986,1990,A3628JW6KICN08,Similar,A3HAPMZV7CYDY8,Similar,Yes,Similar,Dissimilar,2018-02-19 21:33:40 UTC
3A3KKYU7P3S4D1FPIUYQLV0MEJRMWW,26-Nov,14/9/1990,A24LUXW1DB1QI5,Similar,A62H1UZADLF7Q,Similar,Yes,Similar,Dissimilar,2018-02-19 21:34:06 UTC
3CESM1J3EIE2OYUXVER9WZ30OJC6W6,26-Nov,1st july 1994,A22T69YW4WUANF,Similar,A3HAPMZV7CYDY8,Similar,Yes,Similar,Dissimilar,2018-02-19 21:38:51 UTC
3909MD9T2ZS4QR1HB7074Z9DAEAFE2,26-Nov,july 8 1990,A3628JW6KICN08,Similar,A3HAPMZV7CYDY8,Similar,Yes,Similar,Dissimilar,2018-02-19 21:35:32 UTC
39I4RL8QGJS6CLVUHRCUYY9ZD4T4HJ,26-Nov,16-05-1987,A1L5H5KX16J1LS,Similar,A24LUXW1DB1QI5,Similar,Yes,Similar,Dissimilar,2018-02-19 21:37:33 UTC
3PN6H8C9R4142U694W3VKGG1DMWADR,16-Nov,1/1/71,A2653BIPJKEMRK,Similar,A2MCG5W6LHSRG9,Similar,Yes,Similar,Dissimilar,2018-02-19 21:32:30 UTC
3FHTJGYT8NBE1IM2V5M0GW8TP0CGPN,16-Nov,4/10/93,A22T69YW4WUANF,Similar,A2S96ZZ70YFPSK,Similar,Yes,Similar,Dissimilar,2018-02-19 21:38:45 UTC
3UEDKCTP9V1UXYELPADYE291WNNK7N,1-Sep,01.04.1993,A2653BIPJKEMRK,Similar,A2BOXK0KVXGKPU,Similar,Yes,Similar,Dissimilar,2018-02-19 21:36:10 UTC
3OJX0UFJ0ZICED7QYLFKYL95T499UL,1-Jan,1-Sep,AYUREWGFQG5JV,Dissimilar,A2BOXK0KVXGKPU,Similar,No,no_agreement,Similar,2018-02-19 21:35:46 UTC
3B9XR6P1WE6MOQBTK6P2IPVK0OEBJ1,1-Jan,april 3rd,A1L5H5KX16J1LS,Similar,A2MCG5W6LHSRG9,Similar,Yes,Similar,Similar,2018-02-19 21:34:31 UTC
3JHB4BPSFKKKMK09HCVFOKCGQJ39QG,1-Jan,5th february 1995,A22T69YW4WUANF,Similar,AYUREWGFQG5JV,Similar,Yes,Similar,Dissimilar,2018-02-19 21:36:49 UTC
3D1UCPY6GGKS1EBXE9D5BGOUWL783N,1-Jan,7/8/92,A22T69YW4WUANF,Similar,A2653BIPJKEMRK,Similar,Yes,Similar,Dissimilar,2018-02-19 21:35:48 UTC
3WJGKMRWVIKSV937OAZMQB6PDPHCDV,1-Jan,2/8/79,A22T69YW4WUANF,Similar,A62H1UZADLF7Q,Similar,Yes,Similar,Dissimilar,2018-02-19 21:35:36 UTC
3ATYLI1PRTD67K02OBUOO9VJ7NXJOD,1-Jan,june 12 1988,A22T69YW4WUANF,Similar,A62H1UZADLF7Q,Similar,Yes,Similar,Dissimilar,2018-02-19 21:36:48 UTC
3G57RS03HHGKTEWCCBSXGM9BOH6254,1-Jan,august 15 1990,A22T69YW4WUANF,Similar,A2BOXK0KVXGKPU,Similar,Yes,Similar,Dissimilar,2018-02-19 21:38:12 UTC
3U18MJKL1UX1HLUKD4DPMGIJRTJNCO,1-Jan,16th of december,A1W4Q0E00VP6VD,Similar,A2BOXK0KVXGKPU,Similar,Yes,Similar,Dissimilar,2018-02-19 21:44:26 UTC
3UV0D2KX1MUMYP4OM1OUVDXMXPGF4W,1/1/11,5th february 1995,A1L5H5KX16J1LS,Dissimilar,AMWIBULQ4S8K3,Similar,No,no_agreement,Similar,2018-02-19 21:37:29 UTC
3S1WOPCJFG4KVTNDUXRSJX153LREJ4,1/1/01,1-Sep,A2BOXK0KVXGKPU,Similar,A62H1UZADLF7Q,Similar,Yes,Similar,Dissimilar,2018-02-19 21:35:11 UTC
386T3MLZLN6WKMC0VMVM9IQNT9N80S,1/1/01,16/05/1987,A22T69YW4WUANF,Similar,A2BOXK0KVXGKPU,Similar,Yes,Similar,Similar,2018-02-19 21:38:35 UTC
3W3RSPVVGS27FF8ZNIIA3U00TYQUL3,6-May-00,1st july 1994,ATHS9GUME1XCA,Dissimilar,A2653BIPJKEMRK,Similar,No,no_agreement,Similar,2018-02-19 21:35:20 UTC
3R16PJFTS32XEBW2NCFRBQPR5LX4KN,6-May-00,1/2/77,A2653BIPJKEMRK,Similar,A2MCG5W6LHSRG9,Similar,Yes,Similar,Similar,2018-02-19 21:48:13 UTC
3S1L4CQSFXG10EK5V2YL8GJMPZCAF2,6-May-00,august 16th 1990,A1W4Q0E00VP6VD,Similar,A22T69YW4WUANF,Similar,Yes,Similar,Similar,2018-02-19 21:42:36 UTC
39XCQ6V3KYF8BFFDZD406ZQN4M856O,28-Nov-99,5th february 1995,A2BOXK0KVXGKPU,Similar,A2MCG5W6LHSRG9,Similar,Yes,Similar,Similar,2018-02-19 21:38:06 UTC
3X878VYTIETJHCM7OZM1YPHWOR6F7G,10/27/96,1-Sep-76,A2MCG5W6LHSRG9,Similar,AMWIBULQ4S8K3,Similar,Yes,Similar,Similar,2018-02-19 21:30:45 UTC
3O0M2G5VC6DDXFDBJFO2LHBBURL49T,8/5/96,1/1/01,A22T69YW4WUANF,Similar,A2BOXK0KVXGKPU,Similar,Yes,Similar,Similar,2018-02-19 21:40:00 UTC
30Z7M1Q8UYVSLZAINOSFYO202VZA8L,15-Feb-96,1/1/50,AYUREWGFQG5JV,Dissimilar,A2MCG5W6LHSRG9,Similar,No,no_agreement,Similar,2018-02-19 21:32:17 UTC
3XEDXEGFX3ZGFNE14BSPZNZEO9HK0N,15-Feb-96,july 8 1990,A1ZD9SJXQ9C6EW,Dissimilar,A22T69YW4WUANF,Similar,No,no_agreement,Similar,2018-02-19 21:39:47 UTC
3B9XR6P1WE6MOQBTK6P2IPVK0OEJB9,15-Feb-96,3/4/88,A2653BIPJKEMRK,Similar,A2MCG5W6LHSRG9,Similar,Yes,Similar,Similar,2018-02-19 21:32:48 UTC
38DCH97KHHD9SWDI3OMSDEQJMOFJQL,15-Feb-96,15.05.1994,A1W4Q0E00VP6VD,Similar,A2653BIPJKEMRK,Similar,Yes,Similar,Similar,2018-02-19 21:34:52 UTC
3IVKZBIBJ0KPE6X57S8CW1P5RKWHS3,15-Feb-96,12/12/95,A1W4Q0E00VP6VD,Similar,A2653BIPJKEMRK,Similar,Yes,Similar,Similar,2018-02-19 21:32:01 UTC
3PMR2DOWOOCUWSBZGPBL91698V2543,15-Feb-96,5/23/92,A2BOXK0KVXGKPU,Similar,A3RLCGRXA34GC0,Similar,Yes,Similar,Similar,2018-02-19 21:34:55 UTC
3KA7IJSNW6GIA1ERFJUMFLHW9NKBP1,15-Feb-96,8/5/96,A24LUXW1DB1QI5,Similar,A2BOXK0KVXGKPU,Similar,Yes,Similar,Similar,2018-02-19 21:42:18 UTC
374UMBUHN50ZCYZ4A0Z1VFOBGB5CTE,15-Feb-96,1/1/01,A1W4Q0E00VP6VD,Similar,A22T69YW4WUANF,Similar,Yes,Similar,Similar,2018-02-19 21:45:20 UTC
37YYO3NWHD1IQHXTOE4B65O7SP5CCV,12/12/95,12/22/80,A3628JW6KICN08,Dissimilar,A1L5H5KX16J1LS,Similar,No,no_agreement,Similar,2018-02-19 21:36:15 UTC
3G3AJKPCXL3SYGLJRRGIKY423064YI,12/12/95,5/2/95,A2QD9PJUKW7PKK,Similar,A62H1UZADLF7Q,Similar,Yes,Similar,Similar,2018-02-19 21:33:26 UTC
3RHLQY6EDTFP05QSVVT47DU1LC04DA,12/12/95,15/04/1980,A22T69YW4WUANF,Similar,A24LUXW1DB1QI5,Similar,Yes,Similar,Similar,2018-02-19 21:30:46 UTC
39AYGO6AFFVC14LJ3D0M0GQ9V78N6W,12/12/95,6/24/88,A22KRF782ELLB0,Similar,A2EO6IBGQEOMLB,Similar,Yes,Similar,Similar,2018-02-19 21:33:02 UTC
3VW0145YLYNI7HFQBVFBW56ECNIJMY,12/12/95,1011986,A2653BIPJKEMRK,Similar,A2BOXK0KVXGKPU,Similar,Yes,Similar,Similar,2018-02-19 21:37:32 UTC
388CL5C1RJY2AT2FNJBBKFBAZQOHLP,12/12/95,1/5/88,A1W4Q0E00VP6VD,Similar,A22T69YW4WUANF,Similar,Yes,Similar,Similar,2018-02-19 21:39:40 UTC
30UZJB2POHN9EWSVGB62ZWE3UV653I,12/12/95,july 3rd 1993,A1W4Q0E00VP6VD,Similar,A2BOXK0KVXGKPU,Similar,Yes,Similar,Similar,2018-02-19 21:33:09 UTC
3ZURAPD288Y56Q75ZJ5SXFQJL56F1J,12/12/95,14-09-1990,A1L5H5KX16J1LS,Similar,A3HAPMZV7CYDY8,Similar,Yes,Similar,Similar,2018-02-19 21:37:10 UTC
3EQPA8A3747I6OE9QK55472NRR0JZF,12/12/95,1/1/11,A22T69YW4WUANF,Similar,A2BOXK0KVXGKPU,Similar,Yes,Similar,Similar,2018-02-19 21:39:49 UTC
3W0KKJIARRKYXCJ4ZF54S25W77TK8A,4/28/95,2nd feb 1982,ATHS9GUME1XCA,Dissimilar,A2BOXK0KVXGKPU,Similar,No,no_agreement,Similar,2018-02-19 21:38:45 UTC
3NFWQRSHVEP2A5X8H2QV42UPNUPFGJ,4/28/95,8/7/80,A27MJOV91GA8R3,Similar,A3628JW6KICN08,Similar,Yes,Similar,Similar,2018-02-19 21:34:37 UTC
3SR6AEG6W54MAS9E6Y01END685SHYH,4/28/95,april 3rd,A22T69YW4WUANF,Similar,A2BOXK0KVXGKPU,Similar,Yes,Similar,Similar,2018-02-19 21:38:22 UTC
3EKTG13IZUEO273QEGROCKJ6GCNML3,1/2/95,july 8 1990,ATHS9GUME1XCA,Dissimilar,A1W4Q0E00VP6VD,Similar,No,no_agreement,Similar,2018-02-19 21:38:54 UTC
3MJ9GGZYO3HHZK8T77JEOXPXGV72AA,1/2/95,1/1/71,A24LUXW1DB1QI5,Similar,A2QLSHXNCHBRN4,Similar,Yes,Similar,Similar,2018-02-19 21:34:21 UTC
3RQVKZ7ZRKUZGIAV047UE6N7FN172O,9/8/94,4/10/93,A2653BIPJKEMRK,Similar,A2BOXK0KVXGKPU,Similar,Yes,Similar,Similar,2018-02-19 21:33:14 UTC
3UEBBGULPFZLFNY317FC8HVGW24UFY,9/8/94,1987,A3628JW6KICN08,Similar,A62H1UZADLF7Q,Similar,Yes,Similar,Dissimilar,2018-02-19 21:36:02 UTC
3JYPJ2TAYIJ8NIQ7KLGIYB8HOLCFPN,9/8/94,7/8/92,A2BOXK0KVXGKPU,Similar,A3628JW6KICN08,Similar,Yes,Similar,Similar,2018-02-19 21:34:57 UTC
32ZCLEW0BZVOSKC33B73D909HSTJPU,9/8/94,1/6/78,A1W4Q0E00VP6VD,Similar,A2BOXK0KVXGKPU,Similar,Yes,Similar,Similar,2018-02-19 21:37:54 UTC
3F6045TU7DZEULJN0AKT2PMRGJZ99U,4/10/93,1985,A1IOMFFEKCWOIT,Similar,A22T69YW4WUANF,Similar,Yes,Similar,Dissimilar,2018-02-19 21:32:34 UTC
34R3P23QHSCILNEERXIDTQSQXXSHWI,4/10/93,1st july 1994,A2BOXK0KVXGKPU,Similar,A3628JW6KICN08,Similar,Yes,Similar,Similar,2018-02-19 21:36:27 UTC
30OITAWPBQE79R16YM8LF6KFZW7H9S,7/8/92,1/2/92,A2HG1N3BVQO6I,Similar,A3628JW6KICN08,Similar,Yes,Similar,Similar,2018-02-19 21:34:16 UTC
3DWGDA5POFFU2NTVZYAWF1T59ZU1VT,7/8/92,14/9/1990,A2653BIPJKEMRK,Similar,A62H1UZADLF7Q,Similar,Yes,Similar,Similar,2018-02-19 21:34:35 UTC
3SBX2M1TKDYJPEUX0HZO7C104RP4QF,7/8/92,23-Sep-90,A22T69YW4WUANF,Similar,A2653BIPJKEMRK,Similar,Yes,Similar,Similar,2018-02-19 21:32:55 UTC
309D674SHZWZGC5NAE8GVLIPA45CBO,5/23/92,3/22/89,A1W4Q0E00VP6VD,Similar,ATHS9GUME1XCA,Similar,Yes,Similar,Similar,2018-02-19 21:38:32 UTC
3OB6JN3A9Q0Z55Y3J0OKYWS5M4CRMY,5/23/92,1/5/88,A3HAPMZV7CYDY8,Similar,A62H1UZADLF7Q,Similar,Yes,Similar,Similar,2018-02-19 21:37:07 UTC
3HEA4ZVWVDXCSBFZUUUVETCN8RX558,5/23/92,25.05.1995,A22T69YW4WUANF,Similar,ATHS9GUME1XCA,Similar,Yes,Similar,Similar,2018-02-19 21:37:06 UTC
39O0SQZVJNIGK2RGFUMVFEVFRFH7R3,5/23/92,30/05/1987,A2BOXK0KVXGKPU,Similar,ATHS9GUME1XCA,Similar,Yes,Similar,Similar,2018-02-19 21:37:39 UTC
34YWR3PJ28LMZND83U7EPH7GKIVX0O,4/5/92,7/5/78,A1IOMFFEKCWOIT,Similar,A2MCG5W6LHSRG9,Similar,Yes,Similar,Similar,2018-02-19 21:30:46 UTC
3B9J25CZ25OYXYMPL0UBLASPESRCSP,4/5/92,2/8/79,A2653BIPJKEMRK,Similar,A3628JW6KICN08,Similar,Yes,Similar,Similar,2018-02-19 21:35:16 UTC
3UOMW19E6DHXRWOE94H3SZIX08J5CG,4/5/92,14/9/1990,A3HAPMZV7CYDY8,Similar,ATHS9GUME1XCA,Similar,Yes,Similar,Similar,2018-02-19 21:35:54 UTC
3DFYDSXB2WB1KPKZKX6XNFN8P9LUJ1,4/5/92,13-Mar-77,A22T69YW4WUANF,Similar,A24LUXW1DB1QI5,Similar,Yes,Similar,Similar,2018-02-19 21:43:13 UTC
3ZRKL6Z1E8EBEA2UNMQUB1D4CKJGS3,12/8/90,1st july 1994,A1IOMFFEKCWOIT,Similar,A2BOXK0KVXGKPU,Similar,Yes,Similar,Similar,2018-02-19 21:33:33 UTC
3FO95NVK5CB230B83XK6A5RBETURSA,12/8/90,november 11 1991,A1W4Q0E00VP6VD,Similar,A2653BIPJKEMRK,Similar,Yes,Similar,Similar,2018-02-19 21:36:40 UTC
3AJA9FLWSC9G6W337QQYPE7527HFIB,12/8/90,30/05/1987,A1L5H5KX16J1LS,Similar,A2BOXK0KVXGKPU,Similar,Yes,Similar,Similar,2018-02-19 21:35:53 UTC
3PKJ68EHDN7WF3EFKYZY40YIV1JJHP,23-Sep-90,1995,A22T69YW4WUANF,Similar,AMWIBULQ4S8K3,Similar,Yes,Similar,Dissimilar,2018-02-19 21:30:26 UTC
3511RHPADVPFZNGIJON5YJDGMZMRLW,6/7/90,march 5 1969,A62H1UZADLF7Q,Similar,AMWIBULQ4S8K3,Similar,Yes,Similar,Similar,2018-02-19 21:36:41 UTC
3T2HW4QDUVIGSJQQCUUK4FNZM429CB,6/7/90,july 24 1991,A1W4Q0E00VP6VD,Similar,A24LUXW1DB1QI5,Similar,Yes,Similar,Similar,2018-02-19 21:32:20 UTC
378G7J1SJL961DNC1WA78NVD5H0EWZ,5/23/90,5/16/07,A22T69YW4WUANF,Similar,A2653BIPJKEMRK,Similar,Yes,Similar,Similar,2018-02-19 21:32:41 UTC
308KJXFUJRHBJJ26QM3APKYNG8KATA,5/23/90,1/1/91,A22T69YW4WUANF,Similar,A2BOXK0KVXGKPU,Similar,Yes,Similar,Similar,2018-02-19 21:39:29 UTC
3IZPORCT1FKDDRXSS3876RK95IDHRF,1/1/90,9/8/94,A2S96ZZ70YFPSK,Similar,AMWIBULQ4S8K3,Similar,Yes,Similar,Similar,2018-02-19 21:32:24 UTC
34XASH8KLQXETSIO68KVT1SQLMOPM4,1/1/90,8/5/96,A22T69YW4WUANF,Similar,A3628JW6KICN08,Similar,Yes,Similar,Similar,2018-02-19 21:34:41 UTC
3MJ9GGZYO3HHZK8T77JEOXPXGV7A2I,1/1/90,15/04/1980,A62H1UZADLF7Q,Similar,ATHS9GUME1XCA,Similar,Yes,Similar,Similar,2018-02-19 21:36:23 UTC
36BTXXLZ2VJJ1F9XDWOOC2B50DR4RG,12/1/89,january 1 1977,A2653BIPJKEMRK,Similar,AMJ3Y0GICJ60A,Similar,Yes,Similar,Similar,2018-02-19 21:32:19 UTC
3HEADTGN2P3IVSSCXSPBLSBIDXORVF,12/1/89,1/5/88,A1W4Q0E00VP6VD,Similar,A3HAPMZV7CYDY8,Similar,Yes,Similar,Similar,2018-02-19 21:36:17 UTC
3I01FDIL6MJFXRB5RHAGEYX31Y42DC,3/4/88,1st july 1994,A1L5H5KX16J1LS,Dissimilar,A1IOMFFEKCWOIT,Similar,No,no_agreement,Similar,2018-02-19 21:36:29 UTC
3UZUVSO3P76AW1TYXU4KZPTM7FMEM8,3/4/88,1/1/01,A3628JW6KICN08,Dissimilar,ATHS9GUME1XCA,Similar,No,no_agreement,Similar,2018-02-19 21:39:20 UTC
3NQUW096N6J9VNKWP7NJ7YDMGDG9LR,3/4/88,25-05-1995,A1IOMFFEKCWOIT,Similar,A22T69YW4WUANF,Similar,Yes,Similar,Similar,2018-02-19 21:35:23 UTC
38EHZ67RIM38GFPP3PU8ZSEYKV1GMR,3/4/88,1/1/80,A22T69YW4WUANF,Similar,A2BOXK0KVXGKPU,Similar,Yes,Similar,Similar,2018-02-19 21:38:33 UTC
3V0TR1NRVADR2YNGBL22HCMV0934A8,1/23/88,august 16th 1990,A1NKBXOTZAI1YK,Dissimilar,A2MCG5W6LHSRG9,Similar,No,no_agreement,Similar,2018-02-19 21:30:13 UTC
3AXFSPQOYQ9C17N9P8BY1FM5FM6JFR,1/23/88,1/2/77,A22T69YW4WUANF,Similar,A2MCG5W6LHSRG9,Similar,Yes,Similar,Similar,2018-02-19 21:30:36 UTC
3G4VVJO6PZRJ34ILLW7FEO0MWHTPKZ,1/23/88,5/2/95,A22T69YW4WUANF,Similar,AYUREWGFQG5JV,Similar,Yes,Similar,Similar,2018-02-19 21:37:04 UTC
36JW4WBR06VGA1SJ188DP26Q2U2HFK,1/5/88,14-09-1990,A2BOXK0KVXGKPU,Similar,A2MCG5W6LHSRG9,Similar,Yes,Similar,Similar,2018-02-19 21:38:09 UTC
3SNR5F7R924O0I37CF6S7WM5Q62EIS,1/5/88,1/1/01,A22T69YW4WUANF,Similar,A2BOXK0KVXGKPU,Similar,Yes,Similar,Similar,2018-02-19 21:39:40 UTC
3D3B8GE8922ZM8ZUHZGQOFM6LNH9PP,1/5/88,14-09-1990,A22T69YW4WUANF,Similar,A2BOXK0KVXGKPU,Similar,Yes,Similar,Similar,2018-02-19 21:36:57 UTC
391FPZIE4CX5TJP9WX3CB27TCHHHUJ,1/5/88,5/16/07,A2BOXK0KVXGKPU,Similar,A2S96ZZ70YFPSK,Similar,Yes,Similar,Similar,2018-02-19 21:36:56 UTC
3X4Q1O9UBHXDNPZ0N25RLJQAGSX7OU,1/5/88,30/05/1987,A22T69YW4WUANF,Similar,A2S96ZZ70YFPSK,Similar,Yes,Similar,Similar,2018-02-19 21:39:07 UTC
3R868ACW4SN8FMO8IEK27UA7ZZJGZ8,10/28/87,23-Sep-90,A1LZWU72K42V92,Dissimilar,A2MCG5W6LHSRG9,Similar,No,no_agreement,Similar,2018-02-19 21:48:30 UTC
366FYU4PTG0F6DTVCIR4KC1IIAREK3,5/30/87,16/05/1987,A2BOXK0KVXGKPU,Similar,ATHS9GUME1XCA,Similar,Yes,Similar,Similar,2018-02-19 21:37:06 UTC
3EHIMLB7F7A7VMIWTU27FAP4FQPH83,12/27/86,1st january 1986,ATHS9GUME1XCA,Dissimilar,A62H1UZADLF7Q,Similar,No,no_agreement,Similar,2018-02-19 21:38:48 UTC
335VBRURDJBVPHA48L0FU3N27GFE99,12/27/86,11/10/86,A2MCG5W6LHSRG9,Similar,A3628JW6KICN08,Similar,Yes,Similar,Similar,2018-02-19 21:32:17 UTC
3FCO4VKOZ4ORBYMBTO2VG7WWCQR7EQ,12/27/86,28-Nov-99,A2653BIPJKEMRK,Similar,A2BOXK0KVXGKPU,Similar,Yes,Similar,Similar,2018-02-19 21:39:46 UTC
3LVTFB9DE5TZ1UNHVI1PG1Y3UWYGQE,12/27/86,20.01.1993,A2653BIPJKEMRK,Similar,A62H1UZADLF7Q,Similar,Yes,Similar,Similar,2018-02-19 21:35:43 UTC
39HYCOOPKOW54VFY1ZT0T7B173LMDN,12/27/86,feb 23 1993,A2653BIPJKEMRK,Similar,ATHS9GUME1XCA,Similar,Yes,Similar,Similar,2018-02-19 21:32:25 UTC
3HO4MYYR12ZPWU5S0EC8EBI33316U7,12/27/86,1/1/01,A22T69YW4WUANF,Similar,A3HAPMZV7CYDY8,Similar,Yes,Similar,Similar,2018-02-19 21:33:43 UTC
3Z3R5YC0P3Y6FAJE12P23L9EDOXFTS,12/27/86,12/8/90,A2BOXK0KVXGKPU,Similar,ATHS9GUME1XCA,Similar,Yes,Similar,Similar,2018-02-19 21:38:38 UTC
391JB9X4ZYJDI1L8TGFNXK6RRCIMK0,11/10/86,4/10/93,A2HG1N3BVQO6I,Dissimilar,A2S96ZZ70YFPSK,Similar,No,no_agreement,Similar,2018-02-19 21:36:06 UTC
3D06DR5225U76OCMHP2Y363VM0OAM9,11/10/86,1/5/88,A21DPR9K4T7R3D,Similar,ATHS9GUME1XCA,Similar,Yes,Similar,Similar,2018-02-19 21:39:47 UTC
3VLL1PIENQZW7Z566XXAC3J9QLAOZ3,11/10/86,22/8/1995,A22T69YW4WUANF,Similar,A3628JW6KICN08,Similar,Yes,Similar,Similar,2018-02-19 21:37:12 UTC
3W1K7D6QSBSCO5GX2SSO6JJAJMRBZM,11/10/86,5/8/97,A1W4Q0E00VP6VD,Similar,A22T69YW4WUANF,Similar,Yes,Similar,Similar,2018-02-19 21:38:36 UTC
35JDMRECC4KA4RXCMR6PMK9PBTAEG0,11/10/86,1-Sep-76,A22T69YW4WUANF,Similar,A2BOXK0KVXGKPU,Similar,Yes,Similar,Similar,2018-02-19 21:39:17 UTC
3CVDZS288HB22FTUS5OQH7EMJG1MFY,11/10/86,1990,A22T69YW4WUANF,Similar,A2BOXK0KVXGKPU,Similar,Yes,Similar,Dissimilar,2018-02-19 21:39:11 UTC
3TL87MO8CM0IWXB9STNBHUZXJBBFLP,11/10/86,26/11/1991,A1LZWU72K42V92,Similar,ATHS9GUME1XCA,Similar,Yes,Similar,Similar,2018-02-19 21:40:41 UTC
385MDVINFCQECT94FXLY5385APWJWP,2/21/86,4/10/93,AYUREWGFQG5JV,Dissimilar,A1NKBXOTZAI1YK,Similar,No,no_agreement,Similar,2018-02-19 21:28:50 UTC
39KV3A5D18ISLHRTUJM05O0BDH07SR,2/21/86,16-05-1987,A24LUXW1DB1QI5,Similar,AMWIBULQ4S8K3,Similar,Yes,Similar,Similar,2018-02-19 21:28:41 UTC
3EKZL9T8Y8X97P89A6ICHWLN5HACH4,2/21/86,july 3rd 1993,A22T69YW4WUANF,Similar,A2BOXK0KVXGKPU,Similar,Yes,Similar,Similar,2018-02-19 21:34:07 UTC
3EHVO81VN5WPKMYBU9TS002W1KJH1J,2/21/86,22/8/1995,A24LUXW1DB1QI5,Similar,ATHS9GUME1XCA,Similar,Yes,Similar,Similar,2018-02-19 21:58:52 UTC
3KI0JD2ZU1TNYJTWN6JX4J4JVS3765,2/21/86,8th dec 1988,A2BOXK0KVXGKPU,Similar,AYUREWGFQG5JV,Similar,Yes,Similar,Similar,2018-02-19 21:40:19 UTC
3R16PJFTS32XEBW2NCFRBQPR5LXK43,9/1/85,15th april 1980,AYUREWGFQG5JV,Dissimilar,A22T69YW4WUANF,Similar,No,no_agreement,Similar,2018-02-19 21:40:50 UTC
3J9L0X0VDFXP6HWVTLULG9U2EKK9WK,9/1/85,10/1/97,A1L5H5KX16J1LS,Similar,A2MCG5W6LHSRG9,Similar,Yes,Similar,Similar,2018-02-19 21:37:22 UTC
30EV7DWJTV66D3PXAF9XHWOGZRC6Y5,9/1/85,14/9/1990,A1L5H5KX16J1LS,Similar,A2MCG5W6LHSRG9,Similar,Yes,Similar,Similar,2018-02-19 21:48:27 UTC
302OLP89DZIUX20V408K0AYJSMKACR,9/1/85,5/30/87,A1W4Q0E00VP6VD,Similar,A21DPR9K4T7R3D,Similar,Yes,Similar,Similar,2018-02-19 21:37:39 UTC
34OWYT6U3WS75MCQ44Q6FILUZ9M9ID,4/3/85,1/2/92,A2BOXK0KVXGKPU,Similar,A2MCG5W6LHSRG9,Similar,Yes,Similar,Similar,2018-02-19 21:36:03 UTC
3ZUE82NE0ACNHQRQY4E7CPDRZBCF83,4/3/85,june 30 1991,A3628JW6KICN08,Similar,A62H1UZADLF7Q,Similar,Yes,Similar,Similar,2018-02-19 21:36:22 UTC
3FDWKV9VCNDRLXQKNUJP37FPT3GMUX,Nov-83,3569,A22T69YW4WUANF,Similar,A3HAPMZV7CYDY8,Similar,Yes,Similar,Dissimilar,2018-02-19 21:40:31 UTC
36MUZ9VAE6D7S7NLK15HGZ6SY1UEDQ,1/6/82,december 17 1959,AYUREWGFQG5JV,Dissimilar,A2MCG5W6LHSRG9,Similar,No,no_agreement,Similar,2018-02-19 21:30:57 UTC
3YD0MU1NC2COLL5ZDJ09KO65RBTA7Y,1/6/82,1/5/88,A2BOXK0KVXGKPU,Similar,A3628JW6KICN08,Similar,Yes,Similar,Similar,2018-02-19 21:35:37 UTC
3XEIP58NL0YO1E29T5HIKMFFVG4ZLW,1/6/82,1-Sep,A2BOXK0KVXGKPU,Similar,A3HAPMZV7CYDY8,Similar,Yes,Similar,Dissimilar,2018-02-19 21:39:33 UTC
3LN3BXKGC064LRJ37R0V8QGPIXFGWI,12/22/80,01.04.1993,AYUREWGFQG5JV,Dissimilar,A62H1UZADLF7Q,Similar,No,no_agreement,Similar,2018-02-19 21:35:16 UTC
3HXK2V1N4KQI9BLWT7BOKJ00EQK2GM,12/22/80,november 11 1991,A1W4Q0E00VP6VD,Similar,A2S96ZZ70YFPSK,Similar,Yes,Similar,Similar,2018-02-19 21:39:11 UTC
3G5RUKN2ECEZJNNH1K3YKQHBL8GN97,8/7/80,01.04.1993,AYUREWGFQG5JV,Dissimilar,ATHS9GUME1XCA,Similar,No,no_agreement,Similar,2018-02-19 21:31:50 UTC
31HLTCK4BL6R62JYHHVZMOXBBODGV8,8/7/80,10/1/97,A1L5H5KX16J1LS,Similar,A1W4Q0E00VP6VD,Similar,Yes,Similar,Similar,2018-02-19 21:39:07 UTC
32TMVRKDGN9DJAU1ENIOLLG0AL3848,8/7/80,23/08/1990,A21DPR9K4T7R3D,Similar,ATHS9GUME1XCA,Similar,Yes,Similar,Similar,2018-02-19 21:39:56 UTC
3LEG2HW4UFYCVBP1IN562Y0ODBKF20,4/15/80,1/1/71,A24LUXW1DB1QI5,Similar,AMWIBULQ4S8K3,Similar,Yes,Similar,Similar,2018-02-19 21:29:02 UTC
3P7RGTLO6EOCG0CJWDPIOTBRXVTAK4,4/15/80,1/2/92,A1W4Q0E00VP6VD,Similar,A2MCG5W6LHSRG9,Similar,Yes,Similar,Similar,2018-02-19 21:43:00 UTC
368IUKXGA5JC4PXWJSDE45V4VM9P6U,4/15/80,10/23/74,A1W4Q0E00VP6VD,Similar,A22T69YW4WUANF,Similar,Yes,Similar,Similar,2018-02-19 21:42:23 UTC
3GONHBMNHV987WKUTHIXKZU4VLUZMY,1/1/80,1/2/77,A1LZWU72K42V92,Similar,A1W4Q0E00VP6VD,Similar,Yes,Similar,Similar,2018-02-19 21:30:50 UTC
3D7VY91L658CPYHEN32UYHN14I9BM5,1/1/80,14-Sep-90,A22T69YW4WUANF,Similar,A3628JW6KICN08,Similar,Yes,Similar,Similar,2018-02-19 21:37:10 UTC
36D1BWBEHNCI1LHI4A9JXOKXACWM2E,1/1/80,7/8/92,A21DPR9K4T7R3D,Similar,A2BOXK0KVXGKPU,Similar,Yes,Similar,Similar,2018-02-19 21:38:11 UTC
3N2YPY1GI69TMON7BM5BMLCZY8YEVP,6/23/79,june 30 1991,ATHS9GUME1XCA,Dissimilar,A1W4Q0E00VP6VD,Similar,No,no_agreement,Similar,2018-02-19 21:40:23 UTC
38XPGNCKHTBBUMQEMGTYDZ08LJ44V9,6/23/79,1/6/82,A2653BIPJKEMRK,Similar,ATHS9GUME1XCA,Similar,Yes,Similar,Similar,2018-02-19 21:35:42 UTC
3SX4X51T80KV6RXYU5HBVAS0H03AOO,6/23/79,01.04.1993,A24LUXW1DB1QI5,Similar,A62H1UZADLF7Q,Similar,Yes,Similar,Similar,2018-02-19 21:36:31 UTC
3RWB1RTQDJYZ83GKC7ACOJRV1HZP8G,2/8/79,5/30/87,A2653BIPJKEMRK,Similar,A2BOXK0KVXGKPU,Similar,Yes,Similar,Similar,2018-02-19 21:35:39 UTC
3QX22DUVOOSRYCFKSKTUZTH87APMVM,2/8/79,1/1/71,A24LUXW1DB1QI5,Similar,A2MCG5W6LHSRG9,Similar,Yes,Similar,Similar,2018-02-19 21:32:13 UTC
3W31J70BAS709F9HGRL9UO1FXYECK8,2/8/79,1st july 1994,A22T69YW4WUANF,Similar,A2BOXK0KVXGKPU,Similar,Yes,Similar,Similar,2018-02-19 21:40:03 UTC
359AP8GAGGVCE02XXXW0QJWTREE7CX,2/4/79,16/08/1990,A1LZWU72K42V92,Dissimilar,A2BOXK0KVXGKPU,Similar,No,no_agreement,Similar,2018-02-19 21:39:52 UTC
3FSEU3P2NRBQ2LBVO8K1KVMFSRBRRM,2/4/79,1/2/92,A24LUXW1DB1QI5,Similar,A62H1UZADLF7Q,Similar,Yes,Similar,Similar,2018-02-19 21:35:04 UTC
3OB6JN3A9Q0Z55Y3J0OKYWS5M4CMRT,2/4/79,march 31st,A24LUXW1DB1QI5,Similar,A62H1UZADLF7Q,Similar,Yes,Similar,Similar,2018-02-19 21:33:57 UTC
3DTJ4WT8BDQAV8SHCJUE7RPVMJ4EZP,2/4/79,9/12/84,A22T69YW4WUANF,Similar,A2BOXK0KVXGKPU,Similar,Yes,Similar,Similar,2018-02-19 21:34:34 UTC
3P7RGTLO6EOCG0CJWDPIOTBRXVTKAE,2/4/79,6/24/88,ATHS9GUME1XCA,Similar,AVOF14300525D,Similar,Yes,Similar,Similar,2018-02-19 21:34:39 UTC
3Z33IC0JC0XCRSWQ3BPPU7BO7BI9VA,2/4/79,julu 3rd 1993,A1W4Q0E00VP6VD,Similar,A2BOXK0KVXGKPU,Similar,Yes,Similar,Similar,2018-02-19 21:42:39 UTC
3TC2K6WK9GD3GWFEA9Z0S6J2Q7782C,7/5/78,2/8/79,A2653BIPJKEMRK,Similar,AYUREWGFQG5JV,Similar,Yes,Similar,Similar,2018-02-19 21:30:07 UTC
3V7ICJJAZARWL8S8HZ2YCN61IRO4B3,7/5/78,7/8/92,A22KRF782ELLB0,Similar,A3HAPMZV7CYDY8,Similar,Yes,Similar,Similar,2018-02-19 21:31:14 UTC
3L1EFR8WWTGNVVA03WKLCL82JHUF9S,7/5/78,1987,A2653BIPJKEMRK,Similar,A3628JW6KICN08,Similar,Yes,Similar,Dissimilar,2018-02-19 21:54:14 UTC
3EGKVCRQFW3CJF6S66Q5SCA8DSNBYV,7/5/78,july 24 1991,A1W4Q0E00VP6VD,Similar,A3628JW6KICN08,Similar,Yes,Similar,Similar,2018-02-19 21:35:50 UTC
36AZSFEYZ4BVFLBN1V3LLD6EVBLBVM,7/5/78,5/16/07,A1L5H5KX16J1LS,Similar,ATHS9GUME1XCA,Similar,Yes,Similar,Similar,2018-02-19 21:37:25 UTC
3IKMEYR0LW6NBXHFJYW3IBSTL712KP,13-Mar-77,20.01.1993,A2MCG5W6LHSRG9,Similar,A3628JW6KICN08,Similar,Yes,Similar,Similar,2018-02-19 21:34:46 UTC
3IZVJEBJ6AV6ITZ261BGV3XI5LG6ZW,13-Mar-77,august,A22T69YW4WUANF,Similar,A3628JW6KICN08,Similar,Yes,Similar,Dissimilar,2018-02-19 21:36:55 UTC
31YWE12TE0N0HYDSOTSN4WH3SW27XZ,13-Mar-77,1/23/88,A1W4Q0E00VP6VD,Similar,A22T69YW4WUANF,Similar,Yes,Similar,Similar,2018-02-19 21:43:17 UTC
3126F2F5F8EGH4QBPAWCGTNHCKXEP4,1/2/77,9/12/84,A22T69YW4WUANF,Similar,A2EO6IBGQEOMLB,Similar,Yes,Similar,Similar,2018-02-19 21:33:53 UTC
3R4QIDVOJPNCKD1LGWG1MHODYDVEEJ,1-Sep-76,1987,A2BOXK0KVXGKPU,Similar,A3HAPMZV7CYDY8,Similar,Yes,Similar,Dissimilar,2018-02-19 21:37:58 UTC
31N9JPQXIPTSYT50ZWRQX7FZ4LOHNR,1/1/72,22/8/1995,AYUREWGFQG5JV,Dissimilar,A1W4Q0E00VP6VD,Similar,No,no_agreement,Similar,2018-02-19 21:38:11 UTC
3VQTAXTYN3WV26MNW5TGPR4VH4CBUX,1/1/72,august 16th 1990,ATHS9GUME1XCA,Dissimilar,A2HG1N3BVQO6I,Similar,No,no_agreement,Similar,2018-02-19 21:38:15 UTC
3RDTX9JRTYCAG2VULDM9OTVLLTB79G,1/1/72,5/23/92,A3628JW6KICN08,Dissimilar,A1W4Q0E00VP6VD,Similar,No,no_agreement,Similar,2018-02-19 21:38:59 UTC
38O9DZ0A62YGCIWQHU228SNBKCH26K,1/1/72,1990,A2653BIPJKEMRK,Similar,A2MCG5W6LHSRG9,Similar,Yes,Similar,Dissimilar,2018-02-19 21:28:56 UTC
32204AGAABNMO1OECSEV7N62392HGJ,1/1/72,15th april 1980,A22T69YW4WUANF,Similar,AMWIBULQ4S8K3,Similar,Yes,Similar,Similar,2018-02-19 21:39:39 UTC
302OLP89DZIUX20V408K0AYJSMKCAT,1/1/72,18th september 1988,A2653BIPJKEMRK,Similar,A2BOXK0KVXGKPU,Similar,Yes,Similar,Similar,2018-02-19 21:34:47 UTC
344M16OZKIQGEJEY9VJKC4IMC5WEN8,1/1/72,1-Sep,A22T69YW4WUANF,Similar,A62H1UZADLF7Q,Similar,Yes,Similar,Dissimilar,2018-02-19 21:38:32 UTC
3M0556243SV8KXEU463QUM3MO6BFNR,1/1/71,25.05.1995,A1W4Q0E00VP6VD,Similar,A2S96ZZ70YFPSK,Similar,Yes,Similar,Similar,2018-02-19 21:45:15 UTC
3GKAWYFRAP4BPYCBTFLSAB5WC8WPDM,1/1/50,9/8/94,A2653BIPJKEMRK,Similar,AYUREWGFQG5JV,Similar,Yes,Similar,Similar,2018-02-19 21:30:40 UTC
36FFXPMST9ZAGE5C0BR3CWF4UVTHO6,1/1/50,23-9-1995,A2HG1N3BVQO6I,Similar,A3HAPMZV7CYDY8,Similar,Yes,Similar,Similar,2018-02-19 21:34:03 UTC
3TUOHPJXYH8F7DETW10ZWCGKLNAWXP,1/1/50,28-Nov-99,A1W4Q0E00VP6VD,Similar,A22T69YW4WUANF,Similar,Yes,Similar,Similar,2018-02-19 21:45:08 UTC
33IXYHIZB5TKPXP5NCL0KGFO1A52E5,1/1/50,15/04/1980,A2BOXK0KVXGKPU,Similar,ATHS9GUME1XCA,Similar,Yes,Similar,Similar,2018-02-19 21:38:11 UTC
3HKIF5DF6Y8T9V6VEGQ3U68EKWU9GL,1995,nov 11 1980,A2653BIPJKEMRK,Similar,A2BOXK0KVXGKPU,Similar,Yes,Similar,Dissimilar,2018-02-19 21:34:18 UTC
3BFNCI9LYK1O106E44LZXGSZL1173Z,1995,1990,A1W4Q0E00VP6VD,Similar,A2BOXK0KVXGKPU,Similar,Yes,Similar,Similar,2018-02-19 21:39:37 UTC
3IKDQS3DQEB93KJTGO0XH8M25UPCIX,1990,1/1/80,A2BOXK0KVXGKPU,Similar,AMWIBULQ4S8K3,Similar,Yes,Similar,Dissimilar,2018-02-19 21:38:01 UTC
32TMVRKDGN9DJAU1ENIOLLG0AL3484,1990,4/3/85,A2653BIPJKEMRK,Similar,AMWIBULQ4S8K3,Similar,Yes,Similar,Dissimilar,2018-02-19 21:32:22 UTC
34F34TZU7WAS0DBX1DWRHWSG6I12JQ,1990,1985,A2653BIPJKEMRK,Similar,A2MCG5W6LHSRG9,Similar,Yes,Similar,Similar,2018-02-19 21:33:12 UTC
3QHITW7OYOKYR3AE9I9FKFN0W1LAQW,1990,1984,A22T69YW4WUANF,Similar,A2BOXK0KVXGKPU,Similar,Yes,Similar,Similar,2018-02-19 21:39:01 UTC
36U4VBVNQOOIID3CS2F6P69ZZQFRUQ,1990,1980,A22T69YW4WUANF,Similar,A2BOXK0KVXGKPU,Similar,Yes,Similar,Similar,2018-02-19 21:40:40 UTC
3RIHDBQ1NE9MGBK0NVCQKSQZZVEMHW,1987,1987,A1L5H5KX16J1LS,Similar,AYUREWGFQG5JV,Similar,Yes,Similar,Similar,2018-02-19 21:38:20 UTC
391FPZIE4CX5TJP9WX3CB27TCHHUHW,1987,Nov-83,A22T69YW4WUANF,Similar,A3HAPMZV7CYDY8,Similar,Yes,Similar,Dissimilar,2018-02-19 21:39:42 UTC
3CVBMEMMXBR3V8DDJPA11AT946J7H6,1980,12/8/90,A22T69YW4WUANF,Similar,A2MCG5W6LHSRG9,Similar,Yes,Similar,Dissimilar,2018-02-19 21:40:48 UTC
3CVDZS288HB22FTUS5OQH7EMJG1FMR,1970,1/6/82,A24LUXW1DB1QI5,Similar,A62H1UZADLF7Q,Similar,Yes,Similar,Dissimilar,2018-02-19 21:33:34 UTC
3CRWSLD91KFW8S6NR87G41N0BHSMOK,1966,1993,A1NKBXOTZAI1YK,Similar,AF4SO6NQC84U4,Similar,Yes,Similar,Similar,2018-02-19 21:28:49 UTC
3GL25Y68435J21KFSZUCNEETNLXMXP,1966,16-05-1987,A2653BIPJKEMRK,Similar,A3HAPMZV7CYDY8,Similar,Yes,Similar,Dissimilar,2018-02-19 21:33:04 UTC